Order_ID,Customer_Name,Contact_Number,Email,Item_Name,Quantity,Price_per_item,Order_Date,Payment_Method,Delivery_Status
1,Darya Gonsalvez,222-631-3073,dgonsalvez0@disqus.com,Bread,14,66,12/9/2024,Card,Cancelled
2,Pieter Silvermann,243-939-6595,psilvermann1@bloglovin.com,Pastry,1,217,22/08/2024,Card,Cancelled
3,Alejandro Goodley,230-630-8517,agoodley2@blogger.com,Cake,11,355,29/06/2024,Online,Delivered
4,Edmund Pieroni,267-361-7498,epieroni3@google.nl,Croissant,7,154,14/02/2025,Cash,Delivered
5,Rhetta Benditt,814-746-2567,rbenditt4@ca.gov,Cheesecake,4,340,4/5/2024,Online,Pending
6,Lauree Flanagan,754-792-1254,lflanagan5@state.tx.us,Muffin,8,161,31/05/2024,Card,Pending
7,Bernhard Sonier,319-710-7366,,Brownie,11,205,10/12/2024,Card,Pending
8,Odilia Pristnor,436-948-3346,opristnor7@google.ca,Croissant,9,164,12/4/2025,Cash,Pending
9,Theda Rowlett,336-667-2722,trowlett8@amazon.co.uk,Brownie,7,,4/4/2025,Card,Delivered
10,Adrianne Gudde,414-162-3711,agudde9@wsj.com,Donut,11,99,9/4/2025,Cash,Pending
11,Frank Terese,653-952-2547,fteresea@godaddy.com,Cheesecake,8,317,1/10/2024,Online,Pending
12,Neille Dedam,537-407-1688,ndedamb@moonfruit.com,Pastry,6,259,23/12/2024,Card,Pending
13,Nana Beggan,997-821-5895,nbegganc@icio.us,Tart,7,203,14/10/2024,Cash,Cancelled
14,Kerrie Lewsy,287-914-4696,klewsyd@zimbio.com,Cake,11,359,8/5/2024,Card,Cancelled
15,Catina Markie,445-807-9510,cmarkiee@aol.com,Tart,12,217,19/07/2024,Card,Delivered
16,Kial Micka,465-143-1095,kmickaf@comsenz.com,Pastry,3,264,7/7/2024,Card,Pending
17,Marcela Harrinson,303-311-6446,,Tart,4,233,16/09/2024,Cash,Cancelled
18,Konstanze Dunstall,975-618-8215,kdunstallh@un.org,Cheesecake,10,316,21/01/2025,Online,Cancelled
19,Brade Verney,386-143-1547,bverneyi@reference.com,Cheesecake,12,288,11/10/2024,Card,Pending
20,Caresse Bernardeau,266-528-6259,cbernardeauj@newsvine.com,Bread,2,91,29/05/2024,Online,Delivered
21,Rey Vasyaev,450-553-6472,rvasyaevk@surveymonkey.com,Cake,12,307,27/11/2024,Cash,Pending
22,Louise Servante,880-527-5997,lservantel@hao123.com,Brownie,3,228,16/08/2024,Card,Pending
23,Griz Danbi,879-739-4312,gdanbim@cpanel.net,Brownie,9,226,24/12/2024,Cash,Pending
24,Kirbee Mordin,446-862-9516,kmordinn@jimdo.com,Tart,5,297,14/03/2025,Card,Pending
25,Peyton Doe,390-412-9091,pdoeo@guardian.co.uk,Croissant,9,191,20/03/2025,Card,Pending
26,Janith Trump,991-651-6931,jtrumpp@reference.com,Cake,8,307,24/05/2024,Cash,Delivered
27,Rube Elsie,156-173-2033,relsieq@businessweek.com,Bread,13,,17/08/2024,Card,Cancelled
28,Olin Cookman,984-192-3290,ocookmanr@go.com,Cake,3,472,5/12/2024,Card,Pending
29,Garold Dreghorn,687-668-3914,gdreghorns@google.com,Tart,9,243,16/01/2025,Online,Cancelled
30,Richard Aughtie,485-325-8645,raughtiet@i2i.jp,Muffin,4,143,21/08/2024,Online,Delivered
31,Aggi Tregido,790-888-8436,atregidou@naver.com,Croissant,8,154,28/07/2024,Online,
32,Jarid Aronowicz,939-343-3854,jaronowiczv@buzzfeed.com,Bread,15,61,25/10/2024,Online,
33,Estele Dunabie,441-753-0611,edunabiew@ehow.com,Brownie,8,227,11/2/2025,Card,Pending
34,Gardie Tweede,516-817-0034,gtweedex@fotki.com,Cheesecake,7,390,26/02/2025,Cash,Pending
35,Sylas Woodwin,731-850-5474,swoodwiny@narod.ru,Cake,4,477,12/4/2025,Card,Pending
36,Michelle Baumadier,712-542-1610,mbaumadierz@ft.com,Donut,4,149,27/06/2024,Cash,Pending
37,Bride Alcott,748-785-0950,balcott10@smugmug.com,Cake,2,397,24/06/2024,Card,Cancelled
38,Bobbie Goldwater,683-901-6689,bgoldwater11@upenn.edu,Brownie,10,206,7/2/2025,Online,Delivered
39,Kippie Castree,234-274-8489,kcastree12@soup.io,Muffin,9,142,11/1/2025,Cash,Delivered
40,Forster Clyburn,404-870-2171,fclyburn13@dmoz.org,Croissant,1,131,20/04/2024,Card,Delivered
41,Gilligan Kynton,518-484-6915,gkynton14@msu.edu,Bread,10,78,1/5/2024,Online,Pending
42,Hadley Bruins,794-405-1260,hbruins15@homestead.com,Cheesecake,10,284,1/8/2024,Cash,Delivered
43,Noach Kleinlerer,713-937-6015,,Brownie,3,191,25/05/2024,Online,Cancelled
44,Trumaine Pingstone,687-245-0062,tpingstone17@webs.com,Tart,10,187,9/1/2025,Card,Cancelled
45,Levy Brookson,839-493-7241,lbrookson18@discovery.com,Cheesecake,3,381,18/11/2024,Cash,Cancelled
46,Theresa Bertomeu,597-633-3996,tbertomeu19@dagondesign.com,Cheesecake,3,356,17/01/2025,Card,Delivered
47,Ardella Ast,313-741-6210,aast1a@cocolog-nifty.com,Croissant,13,170,18/07/2024,Cash,Delivered
48,Myriam Tenpenny,563-379-6228,mtenpenny1b@ovh.net,Tart,15,257,16/10/2024,Cash,Delivered
49,Barclay Speaks,905-935-3108,bspeaks1c@vimeo.com,Donut,6,83,8/10/2024,Card,Cancelled
50,Morton Crean,867-671-0929,mcrean1d@unblog.fr,Bread,14,78,27/08/2024,Online,Delivered
51,Delphine Escala,527-948-5119,descala1e@sitemeter.com,Cheesecake,11,275,23/09/2024,Online,Delivered
52,Koressa Budding,728-284-0334,kbudding1f@chronoengine.com,Cake,14,467,2/10/2024,Cash,Cancelled
53,Josefina Tidbury,511-302-6126,jtidbury1g@reddit.com,Pastry,5,260,8/11/2024,Card,Delivered
54,Bink Grayson,891-862-7184,bgrayson1h@dion.ne.jp,Tart,8,217,4/12/2024,Online,Cancelled
55,Missie O'Kennavain,404-431-8138,mokennavain1i@webs.com,Tart,3,187,22/08/2024,Cash,Delivered
56,Nicolais Windram,285-292-1784,nwindram1j@yahoo.co.jp,Bread,14,100,8/2/2025,Cash,Cancelled
57,Wallie Roycroft,676-972-5545,wroycroft1k@myspace.com,Brownie,10,210,25/03/2025,Cash,Cancelled
58,Lisbeth Shayes,780-757-0284,lshayes1l@youtube.com,Bread,3,93,8/6/2024,Online,Cancelled
59,Francois Larderot,768-484-0692,flarderot1m@sciencedaily.com,Pastry,15,237,20/05/2024,Online,Pending
60,Vito Dockwra,897-352-5019,vdockwra1n@symantec.com,Croissant,6,,7/3/2025,Card,Pending
61,Hertha Doidge,522-911-8980,hdoidge1o@facebook.com,Cake,5,349,4/9/2024,Cash,Pending
62,Ritchie O'Lennachain,446-589-2397,rolennachain1p@oakley.com,Donut,8,100,31/03/2025,Card,Delivered
63,Shannah Thay,684-314-9365,sthay1q@joomla.org,Muffin,13,123,16/01/2025,Cash,Cancelled
64,Lynett Fouracres,502-683-1292,lfouracres1r@issuu.com,Pastry,6,331,20/04/2024,Card,Cancelled
65,Raddie Levesley,411-409-3682,rlevesley1s@ocn.ne.jp,Croissant,6,129,5/8/2024,Card,Cancelled
66,Chelsey Keyte,203-792-9291,ckeyte1t@cnbc.com,Bread,7,85,8/9/2024,Online,Cancelled
67,Jeanelle Phillpot,517-615-9969,jphillpot1u@examiner.com,Bread,4,65,29/06/2024,Card,
68,Marrilee De Cruce,664-855-4277,mde1v@ning.com,Tart,11,271,12/5/2024,Online,Pending
69,Caterina Muat,251-579-4367,,Pastry,10,314,24/04/2024,Cash,Cancelled
70,Forrester Barks,465-309-0757,fbarks1x@pinterest.com,Croissant,10,174,2/9/2024,Card,Delivered
71,Caryl Cadagan,302-452-5162,ccadagan1y@ucoz.com,Croissant,1,133,13/11/2024,Card,Pending
72,Valli Forward,205-230-5389,vforward1z@prweb.com,Croissant,1,199,14/10/2024,Card,Cancelled
73,Tallie Spencock,472-947-5919,tspencock20@upenn.edu,Brownie,14,152,11/4/2025,Cash,Delivered
74,Kayle Burchett,838-565-2182,kburchett21@ucla.edu,Bread,13,79,23/05/2024,Cash,Pending
75,Phillip Durno,669-360-1265,pdurno22@rambler.ru,Croissant,13,183,14/03/2025,Cash,Delivered
76,Janeva Shower,901-642-8383,jshower23@edublogs.org,Croissant,7,166,6/1/2025,Online,Cancelled
77,Issy Faull,786-438-7317,ifaull24@istockphoto.com,Muffin,4,178,2/6/2024,Card,Cancelled
78,Cori Lutman,239-776-5005,clutman25@liveinternet.ru,Croissant,4,184,12/1/2025,Card,Delivered
79,Consuela Thomann,425-295-8145,cthomann26@tripadvisor.com,Tart,6,271,6/5/2024,Online,Cancelled
80,Ilka Leverich,866-660-4829,ileverich27@vkontakte.ru,Cake,7,347,23/04/2024,Card,Cancelled
81,Francklyn Edghinn,227-563-2892,fedghinn28@wordpress.org,Bread,2,86,30/12/2024,Cash,Cancelled
82,Mayne Seakes,895-349-2678,mseakes29@biblegateway.com,Bread,4,93,4/7/2024,Cash,Delivered
83,Wash Brisley,504-122-6997,wbrisley2a@ezinearticles.com,Brownie,9,205,13/10/2024,Cash,Delivered
84,Parry Pordall,785-209-9324,ppordall2b@smh.com.au,Brownie,4,249,16/08/2024,Card,Cancelled
85,Gerrie Emby,737-430-3215,gemby2c@opensource.org,Cheesecake,6,382,27/04/2024,Cash,Delivered
86,Abigael Le Hucquet,914-424-8707,ale2d@cisco.com,Pastry,7,286,23/12/2024,Card,Delivered
87,Candide Erett,587-608-6478,cerett2e@weibo.com,Bread,14,68,24/10/2024,Online,Cancelled
88,Richardo Mundee,356-408-4143,rmundee2f@china.com.cn,Bread,12,78,7/4/2025,Cash,Cancelled
89,Drusilla Ricci,983-161-5322,dricci2g@vimeo.com,Donut,10,84,7/3/2025,Online,Delivered
90,Zacharie Hedaux,190-241-9467,zhedaux2h@eepurl.com,Bread,2,64,1/10/2024,Cash,Delivered
91,Bobbette Hasser,804-904-6856,bhasser2i@arizona.edu,Muffin,12,164,2/5/2024,Card,Cancelled
92,Ethyl Dupree,635-852-6680,edupree2j@linkedin.com,Tart,9,242,18/11/2024,Card,Cancelled
93,Chelsy Dryden,246-267-1210,cdryden2k@ca.gov,Muffin,11,146,7/7/2024,Online,Delivered
94,Karyl Cloute,166-801-2474,kcloute2l@liveinternet.ru,Brownie,2,238,20/08/2024,Online,Pending
95,Jerald Whellans,115-790-4573,jwhellans2m@drupal.org,Bread,11,91,5/2/2025,Card,Pending
96,Ivan Glasman,966-635-7232,iglasman2n@chicagotribune.com,Bread,2,93,24/07/2024,Cash,Cancelled
97,Salli Lambrook,935-520-9400,slambrook2o@reverbnation.com,Cake,7,458,5/5/2024,Cash,Delivered
98,Pattin Allder,787-566-2600,pallder2p@bing.com,Bread,14,52,24/03/2025,Card,Delivered
99,Bernadene Schimoni,734-466-7853,bschimoni2q@imdb.com,Bread,11,59,12/9/2024,Cash,Delivered
100,Lena Whannel,883-645-7052,lwhannel2r@gnu.org,Tart,13,292,9/12/2024,Online,Delivered
101,Jolynn Ackerman,704-279-0355,jackerman2s@jigsy.com,Croissant,12,173,21/05/2024,Card,Delivered
102,Zahara Pendrill,393-728-7142,zpendrill2t@printfriendly.com,Cake,10,367,7/7/2024,Cash,Cancelled
103,Darice Nehls,484-564-1975,dnehls2u@flavors.me,Bread,14,76,4/2/2025,Card,Cancelled
104,Wandis Liff,695-971-2859,wliff2v@ucoz.ru,Brownie,12,177,2/10/2024,Online,Delivered
105,Thibaud Housen,278-165-8682,,Donut,5,74,23/06/2024,Card,Delivered
106,Dorelle McGebenay,531-978-7768,dmcgebenay2x@booking.com,Bread,4,90,23/12/2024,Cash,Cancelled
107,Berry Heam,813-162-7204,bheam2y@cdbaby.com,Cake,6,347,21/05/2024,Card,
108,Fred Asbery,208-391-1501,fasbery2z@typepad.com,Pastry,5,207,31/10/2024,Card,Pending
109,Feodora Vogeler,614-720-0728,fvogeler30@cbc.ca,Muffin,8,178,2/5/2024,Cash,Pending
110,Gustave De Caroli,457-580-3340,gde31@netscape.com,Cheesecake,14,376,27/06/2024,Card,Delivered
111,Olia Brimilcombe,323-493-4186,obrimilcombe32@epa.gov,Pastry,10,281,30/04/2024,Cash,Pending
112,Alex Sunock,220-917-3916,asunock33@blogger.com,Muffin,10,106,6/8/2024,Cash,Pending
113,Padget Morman,525-710-4883,pmorman34@hubpages.com,Pastry,9,316,23/03/2025,Online,Delivered
114,Glen Lamble,609-863-1930,glamble35@skype.com,Brownie,6,193,24/01/2025,Cash,Delivered
115,Paulette Vernalls,818-198-7851,pvernalls36@wiley.com,Tart,6,251,31/03/2025,Card,Delivered
116,Harmony Blackborough,545-793-4742,hblackborough37@webnode.com,Pastry,10,202,3/11/2024,Online,Delivered
117,Quinton Kettle,228-199-6361,qkettle38@washington.edu,Muffin,4,103,21/01/2025,Online,Pending
118,Syd Landy,720-329-4590,slandy39@samsung.com,Tart,13,219,20/01/2025,Online,Cancelled
119,Christiana Wassung,285-858-7438,cwassung3a@amazon.de,Croissant,12,141,3/2/2025,Cash,Delivered
120,Ardene Houdhury,325-672-5189,ahoudhury3b@joomla.org,Bread,5,63,2/2/2025,Card,Cancelled
121,Ambrose Lyttle,519-709-8863,alyttle3c@parallels.com,Muffin,13,121,4/11/2024,Card,Cancelled
122,Clayton McCaskell,864-593-2455,cmccaskell3d@com.com,Bread,11,59,19/10/2024,Cash,Delivered
123,Susanetta Tamsett,868-212-3611,stamsett3e@google.co.jp,Cheesecake,4,250,28/06/2024,Cash,Delivered
124,Drucy Januszewicz,127-495-7580,djanuszewicz3f@theglobeandmail.com,Croissant,2,175,6/2/2025,Cash,Pending
125,Arman Trevarthen,623-196-8604,,Donut,3,134,5/11/2024,Online,
126,Fallon Gyford,528-182-3850,fgyford3h@epa.gov,Pastry,11,220,21/04/2024,Card,Delivered
127,Angele Truran,893-805-8396,atruran3i@twitter.com,Croissant,10,147,7/2/2025,Card,Pending
128,Bondie Ghilks,615-618-5049,bghilks3j@discuz.net,Donut,2,134,3/9/2024,Online,Delivered
129,Reuben Sawart,890-800-3065,rsawart3k@mlb.com,Croissant,10,127,15/06/2024,Card,Cancelled
130,Bertie Cussons,170-846-7124,bcussons3l@washingtonpost.com,Tart,8,253,30/06/2024,Card,
131,Doloritas Ayer,588-456-8305,dayer3m@wisc.edu,Muffin,9,103,15/01/2025,Cash,Pending
132,Janene Kirtlan,927-247-9273,jkirtlan3n@sakura.ne.jp,Tart,8,238,19/02/2025,Card,Delivered
133,Aubrette Racher,618-665-3804,aracher3o@mtv.com,Tart,1,253,4/7/2024,Online,Pending
134,Roderich Felderer,645-210-5074,rfelderer3p@opensource.org,Croissant,11,185,19/10/2024,Card,Pending
135,Elvyn Beggs,795-615-5467,ebeggs3q@fastcompany.com,Donut,11,130,28/08/2024,Card,Cancelled
136,Benton Jakubowicz,211-196-9968,bjakubowicz3r@booking.com,Cake,8,367,24/10/2024,Card,Pending
137,Hatty Turford,838-507-9525,hturford3s@1und1.de,Cake,11,363,16/01/2025,Card,Delivered
138,Casper Abbati,157-502-7369,cabbati3t@prweb.com,Tart,5,185,28/07/2024,Online,Delivered
139,Tabby Klimpt,594-850-7530,tklimpt3u@ocn.ne.jp,Cake,15,462,25/06/2024,Online,Pending
140,Orson Stillmann,464-681-5491,ostillmann3v@time.com,Tart,3,297,17/09/2024,Online,Delivered
141,Janelle Howse,760-621-8287,jhowse3w@wordpress.org,Brownie,1,159,20/11/2024,Card,Cancelled
142,Gayle Brisco,821-412-3554,gbrisco3x@feedburner.com,Bread,11,96,10/12/2024,Online,Delivered
143,Fern Janson,400-570-7271,fjanson3y@blog.com,Donut,8,132,1/2/2025,Cash,Cancelled
144,Miltie Ambresin,832-641-7831,mambresin3z@paginegialle.it,Tart,5,261,5/9/2024,Online,Delivered
145,Rorie Naulls,833-866-1580,rnaulls40@eepurl.com,Cheesecake,5,294,15/10/2024,Cash,Pending
146,Coreen Greguoli,772-180-7038,cgreguoli41@bbc.co.uk,Cheesecake,4,376,12/11/2024,Card,
147,Asa Hulmes,497-302-8921,ahulmes42@hatena.ne.jp,Cheesecake,1,372,13/06/2024,Cash,Pending
148,Kellina Makiver,763-899-1004,kmakiver43@yale.edu,Donut,3,150,4/3/2025,Online,Cancelled
149,Elmira Spyer,408-863-2550,espyer44@un.org,Croissant,2,185,11/11/2024,Card,Pending
150,Shalna Astman,913-583-2876,sastman45@google.fr,Bread,15,62,10/9/2024,Card,Cancelled
151,Julita Baynes,168-326-9390,jbaynes46@hp.com,Pastry,10,338,10/10/2024,Cash,Pending
152,Leontyne Smallwood,630-577-1902,lsmallwood47@disqus.com,Cheesecake,9,280,2/5/2024,Online,Delivered
153,Jannelle Pedrazzi,271-228-3135,jpedrazzi48@t.co,Croissant,1,200,25/03/2025,Cash,Pending
154,Padget Stannas,254-867-5181,pstannas49@pcworld.com,Cake,4,376,29/06/2024,Online,Pending
155,Ulises Torrecilla,155-501-3261,utorrecilla4a@harvard.edu,Pastry,8,210,14/01/2025,Card,Delivered
156,Chandra Olivier,642-879-4272,colivier4b@upenn.edu,Cheesecake,14,356,2/1/2025,Card,Delivered
157,Gil Gatcliff,117-673-8509,ggatcliff4c@example.com,Brownie,12,161,9/4/2025,Online,Delivered
158,Tobit Ledgley,781-665-2980,tledgley4d@exblog.jp,Cake,6,359,17/04/2024,Cash,Delivered
159,Abagael McComb,295-289-5036,amccomb4e@wisc.edu,Muffin,5,121,10/8/2024,Cash,Pending
160,Sunny Cunradi,606-186-9899,scunradi4f@tripadvisor.com,Brownie,11,204,24/02/2025,Cash,Delivered
161,Margarita Novotna,184-145-8021,mnovotna4g@nationalgeographic.com,Tart,1,220,9/8/2024,Cash,Pending
162,Chrysa Costa,985-530-6218,ccosta4h@time.com,Brownie,4,246,4/6/2024,Online,Delivered
163,Hubey Windridge,570-661-8347,hwindridge4i@wikia.com,Bread,1,85,21/07/2024,Cash,Pending
164,Yorgos Greeveson,720-828-5159,ygreeveson4j@google.com.br,Bread,10,62,3/4/2025,Online,Delivered
165,Giacopo Stirrip,577-239-2427,gstirrip4k@linkedin.com,Croissant,3,180,17/07/2024,Card,Pending
166,Aime Emms,977-227-4346,aemms4l@usnews.com,Croissant,6,195,7/2/2025,Cash,Delivered
167,Laurel Rudwell,591-155-8706,lrudwell4m@walmart.com,Croissant,3,194,31/03/2025,Online,Cancelled
168,Ora Senecaut,213-837-6910,osenecaut4n@wix.com,Pastry,11,335,23/08/2024,Card,Cancelled
169,Bamby Dack,852-616-1372,bdack4o@shinystat.com,Croissant,2,183,23/06/2024,Cash,Cancelled
170,Belva Andrys,444-665-0199,bandrys4p@state.tx.us,Cheesecake,10,288,5/10/2024,Cash,Delivered
171,Anneliese Sawney,969-242-1131,asawney4q@issuu.com,Cheesecake,1,314,4/5/2024,Cash,Delivered
172,Jerrold Siss,830-657-4805,jsiss4r@ezinearticles.com,Cheesecake,13,353,25/06/2024,Online,Pending
173,Hildegarde Challener,230-280-4415,hchallener4s@nationalgeographic.com,Croissant,6,144,26/09/2024,Online,Pending
174,Margaux Grass,250-939-6203,mgrass4t@skype.com,Croissant,10,152,7/8/2024,Online,Delivered
175,Neilla Bertomieu,921-386-4909,nbertomieu4u@xrea.com,Pastry,1,225,14/02/2025,Online,Cancelled
176,Saundra Ingleson,990-581-4041,singleson4v@mapquest.com,Tart,3,216,11/4/2025,Card,Pending
177,Benjie Briamo,809-336-7431,,Brownie,4,243,13/05/2024,Cash,Cancelled
178,Eudora Batrick,744-568-5016,ebatrick4x@merriam-webster.com,Pastry,12,242,19/08/2024,Cash,Pending
179,Kathryn Stolz,694-596-5485,kstolz4y@gov.uk,Pastry,9,227,3/10/2024,Online,Cancelled
180,Oralle Hymer,300-673-1990,ohymer4z@ucsd.edu,Cake,2,474,25/09/2024,Cash,Cancelled
181,Dom Divisek,982-282-3601,ddivisek50@hostgator.com,Tart,5,208,13/09/2024,Cash,Cancelled
182,Madalena Redfield,308-967-1160,mredfield51@go.com,Brownie,5,198,6/7/2024,Online,Delivered
183,Prince Negus,377-855-4450,pnegus52@theglobeandmail.com,Tart,12,207,10/1/2025,Cash,Cancelled
184,Tanny Boorer,544-600-8594,tboorer53@businessweek.com,Croissant,2,131,1/3/2025,Online,Cancelled
185,Dal Galland,492-947-4156,dgalland54@sun.com,Bread,12,76,3/6/2024,Card,Pending
186,Charlton Stanners,586-242-5940,cstanners55@free.fr,Cake,9,311,12/11/2024,Online,Pending
187,Mozelle Snalum,983-241-0766,msnalum56@digg.com,Croissant,11,187,3/7/2024,Card,Pending
188,Andris Form,921-349-4354,aform57@moonfruit.com,Pastry,10,290,12/4/2025,Online,Delivered
189,Rancell Mac,643-282-7697,rmac58@shop-pro.jp,Cheesecake,15,348,11/9/2024,Online,Delivered
190,Lenard Langer,695-640-7101,llanger59@zdnet.com,Bread,6,79,10/8/2024,Online,Cancelled
191,Lise Astlet,152-777-1920,lastlet5a@blogtalkradio.com,Donut,11,101,1/11/2024,Online,Delivered
192,Rosco Hedden,723-645-6381,rhedden5b@over-blog.com,Tart,6,216,11/8/2024,Cash,Delivered
193,Gibbie Gwinnett,946-580-5514,ggwinnett5c@ustream.tv,Bread,3,,26/03/2025,Online,Delivered
194,Karolina Rope,313-215-5619,krope5d@tinypic.com,Brownie,11,198,1/1/2025,Online,Pending
195,Lowe Ruffell,828-511-9255,lruffell5e@adobe.com,Muffin,2,112,7/5/2024,Card,Cancelled
196,Harris Andell,891-575-0352,handell5f@ihg.com,Tart,1,262,9/1/2025,Cash,Pending
197,Duky Spoole,312-355-0269,dspoole5g@cam.ac.uk,Muffin,8,174,21/08/2024,Cash,Cancelled
198,Felic Vannah,351-704-1405,,Croissant,2,147,30/10/2024,Cash,Delivered
199,Jorge Coles,570-283-1288,,Brownie,5,199,22/10/2024,Online,Delivered
200,Elvyn Farrell,108-219-2892,efarrell5j@google.pl,Cheesecake,6,308,11/9/2024,Cash,Delivered
201,Marleah Garnham,786-998-7849,mgarnham5k@indiatimes.com,Pastry,14,253,1/1/2025,Online,Pending
202,Dionis Hierro,192-412-9307,dhierro5l@wordpress.com,Pastry,1,295,20/05/2024,Online,Cancelled
203,Isacco Nassau,504-782-2866,inassau5m@moonfruit.com,Pastry,2,321,17/10/2024,Cash,Pending
204,Kizzie Manifield,467-316-2537,kmanifield5n@csmonitor.com,Pastry,13,345,16/06/2024,Card,Pending
205,Abbey Batsford,350-411-9201,abatsford5o@walmart.com,Brownie,15,227,16/07/2024,Card,Delivered
206,Lesli Criple,705-103-5430,lcriple5p@dell.com,Cheesecake,9,255,25/03/2025,Card,Cancelled
207,Catie Beardshall,214-298-2260,cbeardshall5q@bigcartel.com,Croissant,7,120,5/12/2024,Online,Cancelled
208,Nerita MacColgan,292-238-0752,nmaccolgan5r@springer.com,Muffin,13,113,21/08/2024,Card,Cancelled
209,Stirling Burdikin,522-705-5208,sburdikin5s@last.fm,Brownie,7,190,19/02/2025,Online,Pending
210,Beale Mein,707-739-7098,bmein5t@wiley.com,Donut,13,105,5/4/2025,Cash,Cancelled
211,Ida Durman,909-562-3814,idurman5u@goo.ne.jp,Croissant,8,131,27/03/2025,Card,Pending
212,Abelard Bennell,815-151-9906,abennell5v@ebay.co.uk,Cheesecake,5,345,1/9/2024,Online,Pending
213,Laurene Beddis,781-624-8351,lbeddis5w@jalbum.net,Tart,11,227,18/01/2025,Card,Delivered
214,Gherardo Ducker,608-739-0716,gducker5x@elegantthemes.com,Croissant,12,158,3/3/2025,Online,Pending
215,Traver Bygrave,377-405-1104,tbygrave5y@blog.com,Cheesecake,11,355,7/8/2024,Online,Pending
216,Nanine Sherringham,828-461-8722,nsherringham5z@quantcast.com,Cheesecake,14,260,23/02/2025,Card,Delivered
217,Jonas Tansley,129-272-3329,jtansley60@guardian.co.uk,Donut,11,130,13/08/2024,Cash,Cancelled
218,Donica Kryszkiecicz,688-198-3489,dkryszkiecicz61@i2i.jp,Cake,9,394,29/05/2024,Online,Delivered
219,Cristie Wills,680-460-8672,cwills62@mit.edu,Croissant,8,200,21/03/2025,Online,
220,Alon Derbyshire,750-205-2519,aderbyshire63@topsy.com,Tart,5,,21/01/2025,Online,Cancelled
221,Pris Jeffes,639-963-1654,pjeffes64@psu.edu,Tart,8,186,30/07/2024,Online,Pending
222,Silvain Offin,577-332-4874,soffin65@miibeian.gov.cn,Muffin,7,143,21/03/2025,Card,Cancelled
223,Shirline Churchward,229-627-0998,schurchward66@youtu.be,Pastry,15,265,18/01/2025,Online,Cancelled
224,Jozef Healey,721-189-7702,jhealey67@blinklist.com,Brownie,6,172,11/11/2024,Card,Delivered
225,Marillin Hallyburton,661-637-4415,mhallyburton68@newsvine.com,Bread,9,87,3/4/2025,Card,Cancelled
226,Felita Howsley,856-313-2353,fhowsley69@state.tx.us,Bread,10,68,24/10/2024,Card,Cancelled
227,Peyter Jaqueme,362-882-6866,pjaqueme6a@redcross.org,Cheesecake,3,369,19/03/2025,Card,Cancelled
228,Rogerio Hanhardt,192-695-0789,rhanhardt6b@blogger.com,Donut,15,90,27/06/2024,Online,Cancelled
229,Dale Wesgate,328-693-4061,dwesgate6c@qq.com,Brownie,11,152,28/09/2024,Cash,Delivered
230,Judah Tinsley,591-679-4631,jtinsley6d@phoca.cz,Brownie,6,212,15/02/2025,Card,Pending
231,Kristin Tytterton,540-632-2919,ktytterton6e@alibaba.com,Muffin,1,166,14/04/2024,Cash,Delivered
232,Corenda Alison,712-148-0955,calison6f@nps.gov,Donut,15,103,24/03/2025,Online,Cancelled
233,Domini Dulling,663-839-0696,ddulling6g@si.edu,Bread,15,86,26/05/2024,Cash,Pending
234,Eolanda Royse,333-747-6267,eroyse6h@google.pl,Pastry,4,263,21/05/2024,Card,Delivered
235,Roanna Weymont,745-252-8958,rweymont6i@fotki.com,Brownie,4,209,12/4/2025,Online,Cancelled
236,Ed Callister,584-471-6036,ecallister6j@ning.com,Cake,11,400,20/05/2024,Cash,Pending
237,Dyana Walter,991-518-3116,dwalter6k@seesaa.net,Donut,1,145,10/1/2025,Card,Delivered
238,Lucinda Deaville,281-120-7237,ldeaville6l@ucla.edu,Brownie,12,162,7/6/2024,Card,
239,Georges Hoyle,739-907-0691,ghoyle6m@google.ca,Brownie,3,194,9/3/2025,Online,Cancelled
240,Basilius Brocklesby,502-792-4200,,Muffin,9,104,22/08/2024,Cash,Cancelled
241,Bartholomew Etheridge,139-988-3928,betheridge6o@apple.com,Tart,14,196,23/12/2024,Cash,Cancelled
242,Aimee Eustis,918-851-2601,aeustis6p@digg.com,Croissant,7,185,15/10/2024,Online,Delivered
243,Liam Franzen,107-857-6046,lfranzen6q@gov.uk,Brownie,2,250,14/06/2024,Card,Delivered
244,Hewe Rubbens,251-950-2348,hrubbens6r@yellowpages.com,Cake,14,499,6/10/2024,Cash,Pending
245,Ambrosio Faraday,202-177-9967,afaraday6s@state.tx.us,Donut,8,95,26/01/2025,Cash,Cancelled
246,Whitney Snell,194-518-7397,wsnell6t@cafepress.com,Muffin,12,133,17/05/2024,Card,Delivered
247,Mattie von Nassau,560-919-0010,mvon6u@omniture.com,Cake,4,424,23/05/2024,Online,Pending
248,Dag Edens,929-894-8191,dedens6v@example.com,Brownie,6,182,4/1/2025,Cash,Pending
249,Benni Dabbs,560-318-5509,bdabbs6w@discovery.com,Tart,15,239,15/07/2024,Card,Cancelled
250,Clo Closs,921-165-4042,ccloss6x@boston.com,Muffin,8,101,6/11/2024,Cash,Cancelled
251,Lyn Beaver,436-870-6362,lbeaver6y@bloglovin.com,Muffin,11,132,4/6/2024,Card,Cancelled
252,Boothe Francomb,351-800-7327,bfrancomb6z@vkontakte.ru,Cheesecake,9,258,28/09/2024,Online,Cancelled
253,Zia MacAree,126-835-8572,zmacaree70@github.io,Croissant,3,196,15/11/2024,Card,Delivered
254,Fabiano Coe,990-535-9614,fcoe71@imdb.com,Muffin,7,164,26/05/2024,Card,Pending
255,Case Waterhowse,538-743-1514,cwaterhowse72@ucla.edu,Muffin,1,124,22/06/2024,Online,Cancelled
256,Barde Croal,439-792-4155,bcroal73@tmall.com,Donut,2,121,6/6/2024,Online,Pending
257,Peterus Touson,826-491-6464,ptouson74@issuu.com,Cake,12,480,17/12/2024,Card,Pending
258,Tabina Paxeford,596-771-3856,tpaxeford75@shareasale.com,Tart,9,231,14/12/2024,Card,Delivered
259,Lyle Gray,471-492-0622,lgray76@imgur.com,Tart,9,259,15/04/2024,Cash,Pending
260,Currey Plitz,504-226-7032,cplitz77@ebay.com,Cake,12,481,28/05/2024,Cash,Cancelled
261,Bartram Lucia,835-379-1990,blucia78@51.la,Bread,15,67,18/05/2024,Card,Pending
262,Sue Futcher,333-505-7836,sfutcher79@time.com,Bread,14,87,18/07/2024,Online,Pending
263,Staci Feehily,668-206-9127,sfeehily7a@exblog.jp,Croissant,15,167,12/4/2025,Online,Delivered
264,Hubie Baile,215-562-8991,hbaile7b@oakley.com,Croissant,12,169,28/05/2024,Card,Delivered
265,Dimitry Kurtis,355-971-3533,dkurtis7c@guardian.co.uk,Bread,9,76,12/9/2024,Card,Delivered
266,Georgy Crees,246-887-8112,gcrees7d@icq.com,Bread,7,87,20/05/2024,Card,Delivered
267,Nanci Beckett,813-999-4988,nbeckett7e@cbslocal.com,Tart,12,277,20/02/2025,Cash,Delivered
268,Jodi Olwen,386-272-4551,jolwen7f@yellowpages.com,Pastry,9,265,12/2/2025,Card,Delivered
269,Pamella Le Grice,627-537-0861,ple7g@techcrunch.com,Donut,2,73,1/3/2025,Card,Pending
270,Kin Turney,174-116-3325,kturney7h@mapy.cz,Cake,2,480,28/04/2024,Card,Pending
271,Willa McGivena,455-869-4960,,Cheesecake,4,385,17/02/2025,Card,Cancelled
272,Kenon Anderer,353-516-6116,kanderer7j@google.com,Cheesecake,12,351,19/11/2024,Cash,Cancelled
273,Rickert Youthed,522-872-6904,ryouthed7k@telegraph.co.uk,Cake,11,476,14/05/2024,Cash,Cancelled
274,Judye Gelsthorpe,815-138-5861,jgelsthorpe7l@ocn.ne.jp,Cake,1,426,6/3/2025,Cash,Delivered
275,Marcie Sutherley,715-749-9357,msutherley7m@ovh.net,Pastry,1,234,26/06/2024,Card,Cancelled
276,Martie Gorriessen,741-614-8179,mgorriessen7n@deviantart.com,Muffin,6,175,15/05/2024,Card,Delivered
277,Phil Qualtrough,450-421-3498,pqualtrough7o@reddit.com,Cheesecake,3,282,10/4/2025,Card,Cancelled
278,Reyna Shardlow,904-800-3485,rshardlow7p@pagesperso-orange.fr,Tart,15,225,24/09/2024,Cash,Delivered
279,Grenville Fomichkin,959-706-7861,gfomichkin7q@state.gov,Bread,7,84,5/11/2024,Card,Cancelled
280,Haley Frentz,817-622-2315,hfrentz7r@jalbum.net,Cheesecake,13,326,27/10/2024,Card,Delivered
281,Corrina Dring,849-742-9611,cdring7s@bloglovin.com,Bread,6,78,19/03/2025,Online,Cancelled
282,Rudiger Shewsmith,421-678-8475,rshewsmith7t@nsw.gov.au,Brownie,1,219,6/7/2024,Cash,Pending
283,Bonny Sellack,674-503-0849,bsellack7u@google.nl,Cheesecake,8,373,5/12/2024,Cash,Cancelled
284,Amelina Makepeace,747-333-0988,amakepeace7v@smh.com.au,Bread,5,98,2/2/2025,Online,
285,Agosto Breston,212-827-6199,abreston7w@taobao.com,Muffin,3,143,21/02/2025,Online,Pending
286,Claudie Dasent,989-762-0978,cdasent7x@webeden.co.uk,Donut,9,110,27/12/2024,Cash,
287,Arnuad Wolfer,313-193-5601,awolfer7y@scientificamerican.com,Brownie,11,212,13/09/2024,Card,Cancelled
288,Jess Bufton,521-714-8516,jbufton7z@nbcnews.com,Brownie,12,242,9/11/2024,Cash,
289,Symon Farnan,746-392-7808,sfarnan80@timesonline.co.uk,Cheesecake,12,395,11/10/2024,Online,Delivered
290,Alessandro Smalls,426-771-3746,asmalls81@oakley.com,Cheesecake,8,344,15/02/2025,Cash,Pending
291,Jillane Simonsson,326-476-6560,jsimonsson82@gnu.org,Bread,15,94,2/11/2024,Cash,Delivered
292,Renata Gardener,455-919-3800,rgardener83@buzzfeed.com,Pastry,5,318,21/04/2024,Card,Pending
293,Florrie Shorbrook,789-879-6254,fshorbrook84@walmart.com,Cake,5,418,2/4/2025,Online,Delivered
294,Ellissa Kitchingman,134-895-6734,ekitchingman85@samsung.com,Pastry,9,228,6/9/2024,Cash,Delivered
295,Merna Nurden,179-607-9196,mnurden86@home.pl,Bread,15,97,9/6/2024,Card,Delivered
296,Cati Crohan,622-650-4244,ccrohan87@gizmodo.com,Pastry,14,331,27/02/2025,Cash,Cancelled
297,Marissa Atger,981-655-8556,matger88@redcross.org,Muffin,9,154,8/12/2024,Card,Cancelled
298,Lemmie Johanssen,906-780-1910,ljohanssen89@answers.com,Bread,3,89,9/1/2025,Online,Delivered
299,Eva Giacopelo,932-390-7786,egiacopelo8a@nydailynews.com,Tart,12,259,2/11/2024,Online,Pending
300,Margarita covino,588-410-3413,mcovino8b@quantcast.com,Cake,9,346,29/01/2025,Cash,Delivered
301,Hoebart Sumpter,873-722-8096,hsumpter8c@howstuffworks.com,Croissant,2,176,13/10/2024,Cash,Delivered
302,Merrie Vennings,512-775-2898,mvennings8d@joomla.org,Brownie,6,207,10/10/2024,Card,Pending
303,Gussy Thompson,907-884-9113,gthompson8e@unblog.fr,Donut,14,97,12/11/2024,Card,Delivered
304,Reinaldo Stranahan,587-814-0545,rstranahan8f@ihg.com,Cake,1,430,22/08/2024,Online,Cancelled
305,Clayton Olivey,995-209-5721,colivey8g@stanford.edu,Cake,12,316,12/7/2024,Cash,Delivered
306,Miner Drane,556-373-5930,mdrane8h@sun.com,Croissant,7,194,8/2/2025,Online,Cancelled
307,Teddi Chidzoy,277-132-0190,tchidzoy8i@ihg.com,Croissant,6,121,30/04/2024,Cash,Delivered
308,Constantino Yandell,699-877-0770,cyandell8j@blogtalkradio.com,Donut,2,112,13/01/2025,Cash,
309,Eldredge Band,534-937-8846,eband8k@ustream.tv,Donut,4,94,4/3/2025,Cash,Delivered
310,Tova Lovemore,498-632-0317,tlovemore8l@goo.gl,Bread,13,80,9/8/2024,Cash,Delivered
311,Joellen Polfer,804-707-8931,jpolfer8m@japanpost.jp,Brownie,7,231,21/02/2025,Card,Pending
312,Dredi Gerin,262-825-8405,dgerin8n@va.gov,Tart,3,193,27/03/2025,Card,Cancelled
313,Zabrina Dennidge,637-937-4280,zdennidge8o@google.pl,Croissant,12,176,30/03/2025,Cash,Pending
314,Hardy Calverley,427-908-5457,hcalverley8p@pagesperso-orange.fr,Bread,1,76,16/09/2024,Cash,Cancelled
315,Irene Biddleston,525-332-6157,ibiddleston8q@example.com,Cheesecake,8,337,15/12/2024,Online,Cancelled
316,Lillian Longea,900-985-7436,llongea8r@mapquest.com,Cheesecake,4,365,25/10/2024,Card,Pending
317,Benton Rothera,386-860-4930,brothera8s@umn.edu,Cake,7,331,12/7/2024,Online,Cancelled
318,Holmes Leader,828-551-5248,hleader8t@omniture.com,Muffin,8,166,18/07/2024,Cash,Cancelled
319,Staffard Hawkett,826-349-1678,shawkett8u@netscape.com,Pastry,10,206,7/3/2025,Card,Pending
320,Nickolai Sabater,162-619-3089,nsabater8v@alibaba.com,Brownie,7,219,29/12/2024,Cash,Pending
321,Becka Gisbey,797-832-2317,bgisbey8w@psu.edu,Brownie,11,223,1/10/2024,Online,Delivered
322,Kiley Scrancher,139-349-4858,kscrancher8x@w3.org,Donut,7,105,14/09/2024,Online,Cancelled
323,Fredrika Ayliffe,635-836-9113,fayliffe8y@latimes.com,Croissant,4,179,28/10/2024,Card,
324,Leontine Gibling,171-195-8469,lgibling8z@netscape.com,Cheesecake,12,380,29/04/2024,Card,Pending
325,Vanni Fortye,137-496-9493,vfortye90@bigcartel.com,Cake,4,460,5/5/2024,Online,Delivered
326,Jessy Kob,723-274-8790,jkob91@businesswire.com,Bread,10,66,16/03/2025,Cash,Pending
327,Fidelity Calendar,589-627-2103,fcalendar92@t-online.de,Donut,10,134,17/07/2024,Cash,Delivered
328,Laraine McCallum,919-444-1486,lmccallum93@hc360.com,Brownie,9,224,5/9/2024,Online,Delivered
329,Carilyn Ealam,554-222-7381,cealam94@flickr.com,Croissant,11,165,4/8/2024,Online,Pending
330,Gustave Burdikin,129-383-6678,gburdikin95@posterous.com,Donut,6,85,22/12/2024,Online,Pending
331,Brita Coltherd,292-311-0271,bcoltherd96@yandex.ru,Tart,7,199,10/6/2024,Cash,Cancelled
332,Rem De la Eglise,979-139-1032,rde97@tuttocitta.it,Bread,13,94,9/9/2024,Cash,Delivered
333,Franciskus Eburah,849-883-7973,feburah98@berkeley.edu,Donut,2,132,6/7/2024,Card,Pending
334,Michaela Eveleigh,208-213-7261,meveleigh99@miitbeian.gov.cn,Donut,15,97,20/11/2024,Card,Pending
335,Tracy Emslie,736-618-8196,,Brownie,8,243,17/09/2024,Card,Cancelled
336,Hagan Ticehurst,605-257-8941,hticehurst9b@miibeian.gov.cn,Pastry,10,277,5/11/2024,Online,Pending
337,Edythe Benettolo,942-609-1720,ebenettolo9c@comsenz.com,Bread,11,77,7/10/2024,Online,Delivered
338,Clari Paulig,886-933-9545,,Muffin,1,137,22/01/2025,Card,Cancelled
339,Dora Napleton,529-660-3440,dnapleton9e@nasa.gov,Muffin,12,169,17/11/2024,Online,Cancelled
340,Hubert Linch,365-395-0603,hlinch9f@marketwatch.com,Croissant,13,161,5/10/2024,Card,Cancelled
341,Kirsti Edensor,564-405-4273,kedensor9g@ted.com,Croissant,6,177,25/11/2024,Online,Delivered
342,Dev Bisley,940-146-6241,dbisley9h@shinystat.com,Cheesecake,5,322,9/8/2024,Online,Pending
343,Quentin Breeds,372-135-3008,qbreeds9i@amazon.de,Cheesecake,13,340,6/4/2025,Card,Cancelled
344,Quinton Jansik,262-462-2269,qjansik9j@t.co,Cheesecake,12,333,5/2/2025,Online,Delivered
345,Anet Dovinson,317-212-1616,adovinson9k@soundcloud.com,Cheesecake,14,267,8/6/2024,Online,Cancelled
346,Bondie Hannaford,596-764-7945,bhannaford9l@bandcamp.com,Brownie,14,248,22/01/2025,Cash,Pending
347,Ozzy Burchell,215-441-6744,oburchell9m@oracle.com,Cheesecake,9,268,24/11/2024,Online,Cancelled
348,Mireille Treacy,611-597-3051,mtreacy9n@house.gov,Pastry,13,255,25/11/2024,Card,Pending
349,Sioux Trass,880-537-0201,strass9o@google.ca,Pastry,3,319,13/10/2024,Online,Delivered
350,Isidoro Abramow,181-124-1220,iabramow9p@wix.com,Bread,11,62,10/10/2024,Card,Cancelled
351,Adelheid Kopp,808-242-4582,,Cake,8,320,22/02/2025,Card,Delivered
352,Lucita Ellacott,486-519-5811,lellacott9r@angelfire.com,Tart,5,216,18/05/2024,Card,Delivered
353,Janaya Gorrick,833-788-6102,jgorrick9s@merriam-webster.com,Brownie,1,169,19/11/2024,Card,Pending
354,Eustace Gutridge,354-244-7137,egutridge9t@nifty.com,Pastry,11,227,26/08/2024,Cash,Pending
355,Cassy Joy,522-518-4418,cjoy9u@addthis.com,Donut,4,129,1/10/2024,Card,Delivered
356,Sarene Bourdis,280-710-9891,sbourdis9v@businessweek.com,Bread,13,58,3/10/2024,Online,Delivered
357,Julissa Hutchinson,321-976-4267,jhutchinson9w@aboutads.info,Cheesecake,1,384,2/2/2025,Card,Delivered
358,Muriel Swaby,887-804-7520,mswaby9x@yellowpages.com,Pastry,6,329,11/1/2025,Cash,Pending
359,Anne-marie Hedgecock,472-622-0101,ahedgecock9y@hc360.com,Croissant,8,182,11/8/2024,Cash,Pending
360,Alia Darracott,319-621-6175,adarracott9z@patch.com,Pastry,6,257,13/04/2024,Cash,Delivered
361,Faun Haddleston,303-681-9514,fhaddlestona0@boston.com,Tart,12,250,24/09/2024,Card,Cancelled
362,Janean Scrancher,340-889-2128,jscranchera1@time.com,Brownie,7,185,12/4/2025,Online,Pending
363,Gifford Braidley,308-368-5071,gbraidleya2@boston.com,Croissant,1,130,3/5/2024,Cash,Cancelled
364,Doralynne Shuker,203-726-3781,dshukera3@zdnet.com,Tart,3,276,12/3/2025,Card,Pending
365,Perkin Buttel,638-460-5500,pbuttela4@gov.uk,Brownie,14,182,26/07/2024,Online,Cancelled
366,Logan Tutton,626-222-7767,ltuttona5@odnoklassniki.ru,Muffin,15,138,20/08/2024,Cash,Pending
367,Lezley Woodwind,660-101-3412,lwoodwinda6@ed.gov,Muffin,10,153,5/9/2024,Cash,Pending
368,Kelsey Lally,292-916-7809,klallya7@dropbox.com,Tart,15,244,30/05/2024,Online,
369,Doyle Rewbottom,112-385-2680,drewbottoma8@goodreads.com,Muffin,8,110,11/10/2024,Cash,Delivered
370,Reese Hrishchenko,448-609-1841,,Cake,9,455,16/04/2024,Card,Cancelled
371,Faun Hanretty,854-427-0319,fhanrettyaa@vinaora.com,Donut,10,75,1/12/2024,Online,Pending
372,Cati Hidderley,677-507-3087,chidderleyab@blog.com,Cheesecake,4,315,19/04/2024,Card,Cancelled
373,Nicola Tift,839-907-3592,,Tart,15,269,4/5/2024,Cash,Cancelled
374,Adel Lynn,277-667-0367,alynnad@ted.com,Cake,14,484,27/10/2024,Card,Delivered
375,Shanon Parkman,727-662-5725,sparkmanae@nymag.com,Tart,1,238,9/6/2024,Cash,Delivered
376,Viola Elverstone,468-760-3730,velverstoneaf@tinyurl.com,Brownie,9,179,24/11/2024,Online,Delivered
377,Rodd Ivons,510-445-6776,rivonsag@loc.gov,Pastry,5,278,24/03/2025,Online,Pending
378,Cathe Kilban,876-278-0835,ckilbanah@sciencedaily.com,Muffin,9,114,7/2/2025,Online,Cancelled
379,Andi Blades,247-408-9811,abladesai@hubpages.com,Muffin,15,131,22/09/2024,Card,Cancelled
380,Caitlin Greenstock,929-964-0624,cgreenstockaj@icio.us,Donut,13,102,15/12/2024,Card,Pending
381,Gert Richardsson,551-430-4668,grichardssonak@wikispaces.com,Muffin,7,170,25/03/2025,Cash,Cancelled
382,Jackqueline Nellies,340-687-1746,jnelliesal@cam.ac.uk,Cheesecake,5,373,20/07/2024,Online,Delivered
383,Lannie Shutte,528-575-8841,lshutteam@xing.com,Tart,15,221,30/01/2025,Card,Cancelled
384,Della Gealle,477-542-5205,dgeallean@bloglines.com,Muffin,7,161,30/05/2024,Cash,Cancelled
385,Penn Rosenfelder,345-233-1374,prosenfelderao@addthis.com,Muffin,14,141,23/03/2025,Card,Cancelled
386,Derby Fishpool,698-528-2649,dfishpoolap@blogs.com,Brownie,3,242,11/5/2024,Card,Pending
387,Valery Remon,888-250-1103,vremonaq@tripadvisor.com,Croissant,13,182,20/04/2024,Cash,Cancelled
388,Rina Waldocke,725-690-8644,rwaldockear@livejournal.com,Cheesecake,14,390,18/06/2024,Card,Pending
389,Althea Sandry,266-662-7904,asandryas@gravatar.com,Brownie,15,199,12/2/2025,Online,Delivered
390,Dean Bellon,134-826-2571,dbellonat@vimeo.com,Muffin,4,112,8/10/2024,Online,Pending
391,Eliot McKimmie,890-992-2290,emckimmieau@nps.gov,Bread,6,97,15/06/2024,Cash,Delivered
392,Joya Apfelmann,220-171-5514,japfelmannav@java.com,Cheesecake,10,344,24/08/2024,Online,Pending
393,Bobinette Raoul,487-680-1761,braoulaw@hao123.com,Tart,8,218,21/08/2024,Card,Delivered
394,Fay MacKey,346-823-9993,fmackeyax@mlb.com,Tart,15,205,28/08/2024,Card,Cancelled
395,Hazel Guilaem,859-944-8070,hguilaemay@jugem.jp,Brownie,4,222,14/02/2025,Cash,Cancelled
396,Talia McCreery,899-318-8424,tmccreeryaz@yale.edu,Tart,11,266,29/06/2024,Cash,Cancelled
397,Amalie Cosford,793-583-5189,acosfordb0@whitehouse.gov,Muffin,10,126,7/11/2024,Online,Delivered
398,Sharla Keese,535-853-1075,skeeseb1@google.ru,Cheesecake,5,301,18/04/2024,Card,Cancelled
399,Gerhardt Gunter,392-876-6034,ggunterb2@networkadvertising.org,Tart,9,181,16/09/2024,Online,Delivered
400,Fairfax Kirkman,617-771-8069,fkirkmanb3@friendfeed.com,Brownie,2,159,2/4/2025,Cash,Delivered
401,Hillel Hector,842-222-9081,hhectorb4@icio.us,Pastry,3,314,12/3/2025,Online,Delivered
402,Heall Wylam,954-850-3472,hwylamb5@webnode.com,Tart,14,233,26/11/2024,Card,Pending
403,Jefferson Origan,224-594-9765,joriganb6@dmoz.org,Donut,7,79,11/8/2024,Cash,Pending
404,Sandie Gimbart,731-123-4309,sgimbartb7@angelfire.com,Brownie,5,215,30/07/2024,Online,Cancelled
405,Ryley McRobb,279-622-1672,rmcrobbb8@chronoengine.com,Cake,10,470,6/3/2025,Card,Delivered
406,Eleanore Schreurs,545-940-0038,eschreursb9@furl.net,Donut,15,92,25/10/2024,Online,Pending
407,Melodee Twist,580-822-9003,mtwistba@wsj.com,Tart,11,274,2/1/2025,Card,Pending
408,Dido Keasy,911-988-4183,dkeasybb@mail.ru,Pastry,8,326,19/02/2025,Online,Pending
409,Shae Beccles,314-616-1750,sbecclesbc@fc2.com,Croissant,7,180,26/05/2024,Card,Cancelled
410,Pablo Ellwood,916-873-8064,pellwoodbd@ox.ac.uk,Pastry,9,277,15/05/2024,Cash,Delivered
411,Ailyn Moffet,373-376-3846,amoffetbe@fda.gov,Muffin,12,131,27/08/2024,Cash,Pending
412,Brita Sedcole,435-255-9225,bsedcolebf@constantcontact.com,Brownie,8,196,25/12/2024,Cash,Delivered
413,Blair Salandino,614-537-9433,bsalandinobg@163.com,Bread,1,59,26/01/2025,Card,Delivered
414,Jerrie Pratley,323-745-2552,jpratleybh@imgur.com,Tart,9,252,19/11/2024,Card,Delivered
415,Myer Queyeiro,532-313-3481,mqueyeirobi@netscape.com,Croissant,4,187,20/10/2024,Online,Cancelled
416,Ase Artinstall,290-450-0735,aartinstallbj@nydailynews.com,Croissant,1,156,3/11/2024,Cash,Pending
417,Deane Timbridge,307-995-0385,,Cake,10,464,15/08/2024,Online,Cancelled
418,Terence Dulwich,611-561-8586,tdulwichbl@yandex.ru,Donut,11,106,7/6/2024,Cash,Delivered
419,Adria Brumham,633-299-4631,abrumhambm@craigslist.org,Bread,5,70,5/5/2024,Cash,Pending
420,Russell Croisdall,318-885-4014,rcroisdallbn@spiegel.de,Pastry,3,258,8/1/2025,Cash,Cancelled
421,Howey Bamforth,987-943-9915,hbamforthbo@surveymonkey.com,Donut,3,100,5/3/2025,Card,Cancelled
422,Leora Gibbin,548-480-2633,lgibbinbp@printfriendly.com,Tart,6,207,30/08/2024,Cash,Cancelled
423,Mirella Thirst,985-123-2132,mthirstbq@phpbb.com,Tart,15,282,5/5/2024,Online,Delivered
424,Irvine Ibbs,975-458-2188,iibbsbr@t.co,Tart,4,291,28/10/2024,Card,Delivered
425,Bell Drennan,889-463-9298,bdrennanbs@squidoo.com,Croissant,15,136,30/10/2024,Online,Cancelled
426,Amity Jeger,441-729-9692,ajegerbt@walmart.com,Donut,14,103,26/04/2024,Online,Delivered
427,Zonda Repp,765-581-1795,zreppbu@i2i.jp,Pastry,13,288,31/08/2024,Cash,Delivered
428,Corey Fadell,582-658-0006,cfadellbv@army.mil,Croissant,13,175,23/12/2024,Online,Pending
429,Kassey Walklot,710-416-1047,kwalklotbw@360.cn,Cake,1,301,2/8/2024,Card,Pending
430,Sara Ebben,297-389-8624,sebbenbx@shinystat.com,Bread,3,73,14/06/2024,Online,Pending
431,Aviva Davitti,912-493-4685,adavittiby@addthis.com,Muffin,10,148,17/07/2024,Online,
432,Carma Bowcock,490-629-4487,cbowcockbz@booking.com,Bread,15,97,14/12/2024,Cash,Delivered
433,Herbie Marnes,400-884-7707,,Cake,2,424,29/07/2024,Cash,Delivered
434,Mohammed Ginni,869-365-6144,mginnic1@youku.com,Croissant,5,153,7/12/2024,Card,Cancelled
435,Kane Ashfull,830-568-8257,kashfullc2@epa.gov,Pastry,2,335,28/05/2024,Card,Delivered
436,Jude Hawking,710-176-1079,jhawkingc3@eepurl.com,Donut,9,130,12/7/2024,Cash,Pending
437,Marysa Marzellano,318-814-9289,mmarzellanoc4@prnewswire.com,Muffin,15,139,4/8/2024,Card,Pending
438,Linnet Reicharz,498-284-6003,lreicharzc5@sbwire.com,Brownie,13,164,14/02/2025,Card,Cancelled
439,Bran Osband,898-267-7148,bosbandc6@mit.edu,Cake,11,411,8/11/2024,Cash,Pending
440,Malissa Kelcey,179-506-5666,mkelceyc7@lycos.com,Bread,3,53,12/2/2025,Online,Cancelled
441,Gan Flowerdew,176-778-2572,gflowerdewc8@xinhuanet.com,Pastry,8,213,23/11/2024,Card,Delivered
442,Maris Iston,514-112-3441,mistonc9@epa.gov,Pastry,4,302,15/07/2024,Cash,Cancelled
443,Lorrin Storry,659-643-9459,,Brownie,15,213,9/10/2024,Card,Pending
444,Merna Craigmile,858-812-5692,mcraigmilecb@newyorker.com,Muffin,14,117,12/8/2024,Online,Delivered
445,Janella Beckwith,163-836-1222,jbeckwithcc@harvard.edu,Muffin,4,112,16/11/2024,Card,Cancelled
446,Margi Fenlon,578-882-0975,mfenloncd@wordpress.com,Cake,11,362,5/8/2024,Cash,Pending
447,Mariam McKerron,892-104-1977,mmckerronce@plala.or.jp,Cheesecake,4,290,3/11/2024,Cash,Delivered
448,Kurt Crust,583-492-1431,kcrustcf@slate.com,Cake,5,355,30/11/2024,Card,Cancelled
449,Sara-ann Malicki,502-204-6752,smalickicg@purevolume.com,Cake,12,498,4/7/2024,Online,Delivered
450,Simone Glashby,170-183-3778,sglashbych@hibu.com,Muffin,2,115,3/11/2024,Card,Cancelled
451,Marge Kennady,452-216-4021,mkennadyci@gmpg.org,Bread,11,90,18/07/2024,Online,Cancelled
452,Malinda Dorbon,363-971-2096,mdorboncj@youtu.be,Cake,2,347,28/02/2025,Online,Delivered
453,Eddy Coppen,384-889-5562,ecoppenck@studiopress.com,Croissant,5,139,26/12/2024,Online,Delivered
454,Benjamin Asple,969-736-8319,basplecl@posterous.com,Brownie,10,158,9/1/2025,Card,Cancelled
455,Gretchen Kunath,992-862-3585,gkunathcm@t.co,Muffin,2,180,25/07/2024,Cash,Pending
456,Theodosia Petracek,793-717-9332,tpetracekcn@rambler.ru,Pastry,15,345,7/6/2024,Card,Pending
457,Ernst Blazeby,269-765-4431,eblazebyco@comsenz.com,Donut,6,145,11/11/2024,Cash,Pending
458,Stephie Gateshill,215-554-2781,sgateshillcp@state.gov,Donut,10,80,9/10/2024,Online,Pending
459,Karoline Tolomei,428-298-8752,ktolomeicq@loc.gov,Tart,9,271,6/5/2024,Online,Delivered
460,Linell Wilce,800-830-2860,lwilcecr@businesswire.com,Croissant,3,171,1/4/2025,Online,Cancelled
461,Wilma Lappin,836-153-2425,wlappincs@de.vu,Donut,14,101,25/01/2025,Cash,Pending
462,Wildon Klemt,913-265-9848,wklemtct@tinypic.com,Tart,15,213,12/12/2024,Cash,Cancelled
463,Gabey Voss,225-113-6117,gvosscu@meetup.com,Bread,6,50,13/07/2024,Card,Cancelled
464,Mauricio Morris,876-796-1035,mmorriscv@free.fr,Donut,11,142,23/12/2024,Cash,Delivered
465,Tiphanie Moseby,358-564-8682,tmosebycw@ucsd.edu,Pastry,9,222,27/05/2024,Card,Pending
466,Becca Baudinelli,773-973-6656,bbaudinellicx@stumbleupon.com,Bread,9,69,22/05/2024,Card,Pending
467,Doralynne Pretley,904-350-2529,dpretleycy@accuweather.com,Pastry,15,324,13/08/2024,Card,Cancelled
468,Tiler Hazeldene,902-840-0631,,Tart,15,300,20/04/2024,Card,Delivered
469,Dottie Ablewhite,349-488-4897,dablewhited0@slate.com,Croissant,1,200,23/05/2024,Card,Pending
470,Orton Scarlet,899-584-1639,oscarletd1@bloglines.com,Croissant,2,140,31/01/2025,Cash,Cancelled
471,Duncan Fansy,971-556-3950,dfansyd2@deliciousdays.com,Pastry,8,343,6/6/2024,Cash,Pending
472,Elsinore Hoonahan,214-342-5009,ehoonahand3@digg.com,Croissant,3,136,7/12/2024,Card,Cancelled
473,Fannie McGlue,265-452-8332,fmcglued4@desdev.cn,Bread,14,97,12/2/2025,Card,Delivered
474,Merl Hexum,203-524-2282,mhexumd5@xrea.com,Croissant,4,179,18/07/2024,Cash,Delivered
475,Cynthia Bresland,111-156-2027,cbreslandd6@nytimes.com,Cake,4,485,11/9/2024,Cash,Delivered
476,Worth Oldfield-Cherry,343-793-2326,woldfieldcherryd7@multiply.com,Donut,5,91,30/08/2024,Online,Pending
477,Maurine Prickett,211-677-6388,mprickettd8@si.edu,Tart,8,282,17/04/2024,Card,Delivered
478,Phil Pallas,192-785-0494,,Croissant,15,137,29/05/2024,Online,Pending
479,Perri Metrick,874-309-4700,pmetrickda@tinyurl.com,Tart,8,290,10/6/2024,Online,
480,Ethelda Twelftree,951-704-0338,etwelftreedb@booking.com,Tart,15,279,24/02/2025,Card,Delivered
481,Arlie Machan,797-629-9805,amachandc@dedecms.com,Brownie,4,223,30/06/2024,Card,Delivered
482,Kareem De Antoni,185-780-4293,kdedd@etsy.com,Donut,6,128,31/07/2024,Cash,Pending
483,Karylin Matiewe,320-829-5148,kmatiewede@tumblr.com,Muffin,12,156,23/11/2024,Online,Cancelled
484,Wiatt Watling,539-542-9772,wwatlingdf@amazon.com,Muffin,12,126,17/11/2024,Online,Cancelled
485,Eli King,334-991-9746,ekingdg@berkeley.edu,Cake,3,475,19/04/2024,Online,Pending
486,Steffen McDougald,610-325-5532,smcdougalddh@ted.com,Tart,8,197,21/08/2024,Card,Pending
487,Beniamino Wilton,287-179-7665,bwiltondi@about.me,Donut,4,77,15/02/2025,Online,Cancelled
488,Annalee Cardenosa,384-173-5004,acardenosadj@instagram.com,Brownie,15,192,22/08/2024,Cash,Delivered
489,Keven Hablet,730-378-1281,khabletdk@pagesperso-orange.fr,Cake,9,451,1/9/2024,Online,Delivered
490,Van Rosenblad,300-881-5711,vrosenbladdl@apache.org,Brownie,14,230,14/11/2024,Online,Cancelled
491,Emma Lindmark,282-657-6444,elindmarkdm@stanford.edu,Croissant,13,187,13/05/2024,Card,Pending
492,Gordie Downes,757-547-7573,gdownesdn@51.la,Cheesecake,4,299,10/11/2024,Card,Pending
493,Farley Manketell,605-288-0847,fmanketelldo@ezinearticles.com,Pastry,5,341,19/05/2024,Cash,Cancelled
494,Piggy Gloyens,670-518-1652,pgloyensdp@xing.com,Tart,13,267,26/11/2024,Cash,Pending
495,Sheppard Colleymore,963-477-8520,scolleymoredq@edublogs.org,Donut,12,145,28/02/2025,Cash,Delivered
496,Aldin McAlroy,185-220-5087,amcalroydr@t.co,Cheesecake,4,275,7/6/2024,Online,Delivered
497,Mervin Franzini,866-922-7511,mfranzinids@arstechnica.com,Cake,15,314,16/11/2024,Online,Delivered
498,Felicio Goulborn,747-604-1492,fgoulborndt@sohu.com,Croissant,15,192,28/09/2024,Cash,Cancelled
499,Deana Eddison,199-247-1241,deddisondu@merriam-webster.com,Pastry,9,327,15/05/2024,Cash,Pending
500,Morry Thorburn,957-670-2644,mthorburndv@ed.gov,Muffin,9,117,15/07/2024,Card,Delivered
501,Anne-marie Fonzo,954-864-0259,afonzodw@over-blog.com,Croissant,15,161,13/12/2024,Online,Pending
502,Noella Nunnerley,736-101-9740,nnunnerleydx@microsoft.com,Cheesecake,10,373,29/03/2025,Cash,Delivered
503,Ewart Wordesworth,302-286-4108,ewordesworthdy@artisteer.com,Pastry,11,224,17/12/2024,Cash,Delivered
504,Maribeth Metherell,593-225-3640,mmetherelldz@edublogs.org,Cheesecake,4,392,26/07/2024,Card,Delivered
505,Morten Connal,101-154-7882,mconnale0@issuu.com,Muffin,9,104,14/04/2024,Card,Cancelled
506,Marigold Baglan,235-351-6850,,Bread,6,95,10/8/2024,Online,Pending
507,Trey Birtle,667-647-5574,tbirtlee2@wikia.com,Bread,12,94,14/05/2024,Online,Delivered
508,Marybeth McKeaney,152-450-5359,mmckeaneye3@ucoz.com,Pastry,5,288,28/07/2024,Card,Cancelled
509,Nelie Nunn,631-620-5552,nnunne4@theguardian.com,Cheesecake,4,322,29/12/2024,Card,Delivered
510,Nappie Barker,294-926-7129,nbarkere5@cisco.com,Cheesecake,11,294,18/05/2024,Cash,Delivered
511,Ruthann Kitching,406-203-2024,rkitchinge6@springer.com,Donut,9,102,15/09/2024,Cash,Delivered
512,Melodie Jansey,802-137-1549,mjanseye7@tripadvisor.com,Brownie,7,192,21/11/2024,Cash,Cancelled
513,Gustav Twinterman,257-317-8340,,Croissant,5,153,11/10/2024,Online,Delivered
514,Abbye Disley,838-732-0588,adisleye9@europa.eu,Donut,7,134,13/03/2025,Cash,Pending
515,Keely Jiras,629-914-4773,kjirasea@amazon.de,Brownie,11,159,19/05/2024,Cash,Delivered
516,Felicdad Pilcher,992-636-0441,fpilchereb@wordpress.org,Muffin,11,102,22/10/2024,Online,Pending
517,Ewell Cavanaugh,470-287-4611,ecavanaughec@microsoft.com,Brownie,10,199,27/04/2024,Cash,Delivered
518,Devonna Horley,700-507-3677,dhorleyed@goo.ne.jp,Donut,9,131,17/05/2024,Cash,Cancelled
519,Flora Pedrocco,422-251-2925,fpedroccoee@samsung.com,Cheesecake,10,385,9/4/2025,Online,Delivered
520,Erik Aldiss,805-210-6914,ealdissef@pbs.org,Cake,13,369,10/4/2025,Online,Cancelled
521,Lisha Pretswell,708-961-2560,lpretswelleg@timesonline.co.uk,Croissant,13,130,6/10/2024,Cash,Delivered
522,Collen Dur,891-225-3409,cdureh@craigslist.org,Croissant,13,123,26/01/2025,Online,Pending
523,Dorette Edmondson,894-547-9730,dedmondsonei@ovh.net,Brownie,12,169,6/2/2025,Online,Pending
524,Natalee Males,471-771-3192,nmalesej@ameblo.jp,Brownie,5,208,18/11/2024,Card,Pending
525,Siouxie Mangon,961-320-5883,smangonek@parallels.com,Tart,1,201,13/05/2024,Cash,Cancelled
526,Gusti Kingzet,110-350-6075,gkingzetel@people.com.cn,Pastry,9,252,21/05/2024,Card,Cancelled
527,Shelley Petrushka,292-831-9715,spetrushkaem@statcounter.com,Cake,6,332,28/12/2024,Online,
528,Haleigh Nijssen,763-804-7975,hnijssenen@typepad.com,Pastry,9,246,3/8/2024,Online,Pending
529,Aron Mosedall,833-925-9840,amosedalleo@unc.edu,Donut,10,122,11/10/2024,Online,Delivered
530,Lynsey Aitchinson,490-310-7797,laitchinsonep@lulu.com,Cheesecake,9,386,25/10/2024,Card,Cancelled
531,Lionello Noller,324-242-3230,lnollereq@freewebs.com,Croissant,12,176,14/01/2025,Cash,Pending
532,Ursuline Brunesco,474-554-6534,ubrunescoer@cafepress.com,Tart,2,192,12/4/2025,Card,Delivered
533,Garfield Fahrenbach,287-468-5317,gfahrenbaches@opensource.org,Muffin,11,150,13/11/2024,Online,Delivered
534,Keeley Boyton,848-262-9940,kboytonet@amazonaws.com,Brownie,6,179,5/6/2024,Online,
535,Lia Ferreras,305-566-7473,lferreraseu@tuttocitta.it,Croissant,1,151,13/09/2024,Card,Cancelled
536,Rheta Crouch,776-782-0124,rcrouchev@privacy.gov.au,Croissant,3,122,24/10/2024,Online,Cancelled
537,Chloette Alenshev,279-635-4170,calenshevew@princeton.edu,Donut,4,90,12/9/2024,Cash,Delivered
538,Kele Umpleby,976-370-1848,kumplebyex@businesswire.com,Donut,13,89,24/02/2025,Card,Delivered
539,Katuscha Wein,227-957-8739,kweiney@jimdo.com,Muffin,12,132,15/07/2024,Online,Cancelled
540,Flin Sambiedge,811-327-8366,fsambiedgeez@google.de,Donut,9,135,10/10/2024,Online,Pending
541,Aime Dingivan,715-562-6437,adingivanf0@hexun.com,Brownie,11,,26/10/2024,Card,Delivered
542,Vere Rhoddie,529-446-7923,vrhoddief1@purevolume.com,Croissant,1,184,21/03/2025,Card,Pending
543,Hayley Ovendale,316-631-4457,hovendalef2@hud.gov,Muffin,1,116,14/08/2024,Card,Delivered
544,Saul Itzchaky,663-658-2296,sitzchakyf3@goo.ne.jp,Cake,13,478,14/12/2024,Cash,Pending
545,Tadio Finnimore,954-489-4445,tfinnimoref4@de.vu,Cake,6,417,5/2/2025,Cash,Pending
546,Dee dee Willicott,130-969-1102,ddeef5@unicef.org,Croissant,13,172,25/12/2024,Card,Delivered
547,Melinda Slowey,305-792-2091,msloweyf6@storify.com,Bread,11,50,9/8/2024,Online,Pending
548,Hatti Milner,310-197-8891,hmilnerf7@epa.gov,Croissant,12,140,19/09/2024,Cash,Cancelled
549,Linnet Roebottom,534-136-4481,lroebottomf8@unblog.fr,Brownie,9,215,11/1/2025,Card,Cancelled
550,Gerhardine Shutte,169-423-3139,gshuttef9@ameblo.jp,Cake,13,360,10/8/2024,Cash,Delivered
551,Celestine Gibbard,287-540-9283,cgibbardfa@ucla.edu,Donut,12,136,1/5/2024,Online,Pending
552,Claude Giacobelli,873-605-5224,cgiacobellifb@reference.com,Cheesecake,11,396,20/12/2024,Card,Cancelled
553,Jerrine Glaves,328-221-5691,jglavesfc@cnet.com,Tart,15,184,30/01/2025,Online,Cancelled
554,Sherrie Oby,370-288-9548,sobyfd@umich.edu,Bread,4,97,18/06/2024,Card,Cancelled
555,Brinn Adnams,759-529-1505,badnamsfe@nationalgeographic.com,Donut,14,131,27/12/2024,Cash,Cancelled
556,Sean Tinn,962-461-2724,stinnff@msn.com,Muffin,13,172,20/03/2025,Cash,Cancelled
557,Arlyn Palphramand,456-301-3729,apalphramandfg@blog.com,Croissant,1,129,8/12/2024,Cash,Cancelled
558,Quillan Waggatt,699-142-1765,qwaggattfh@apache.org,Brownie,13,220,23/09/2024,Card,Delivered
559,Vonnie O'Lenechan,989-664-2230,volenechanfi@engadget.com,Muffin,13,103,7/3/2025,Cash,Pending
560,Hilary Stiegars,734-245-5215,hstiegarsfj@ibm.com,Bread,14,72,13/09/2024,Online,Cancelled
561,Rolf Lockett,233-152-6599,rlockettfk@tinyurl.com,Pastry,8,277,9/12/2024,Cash,Delivered
562,Bartie Benard,693-736-9925,bbenardfl@gizmodo.com,Donut,5,71,17/10/2024,Online,Pending
563,Sarette Bart,165-553-3442,sbartfm@ft.com,Muffin,4,117,19/08/2024,Cash,Cancelled
564,Dena Peakman,998-276-9118,dpeakmanfn@goodreads.com,Muffin,5,141,28/12/2024,Online,Pending
565,Grace Galliver,911-289-0121,ggalliverfo@shinystat.com,Donut,2,114,7/11/2024,Card,Cancelled
566,Nicolle Thurlow,899-910-3593,nthurlowfp@technorati.com,Brownie,1,185,3/2/2025,Card,Delivered
567,Shannan Towhey,999-978-8661,stowheyfq@bing.com,Brownie,8,247,12/8/2024,Cash,Pending
568,Zach Setterfield,579-964-7483,zsetterfieldfr@salon.com,Donut,14,88,11/5/2024,Online,Pending
569,Zechariah Mcsarry,169-667-4405,zmcsarryfs@dailymail.co.uk,Donut,14,94,9/7/2024,Online,Delivered
570,Gasper Scibsey,607-243-3136,gscibseyft@marketwatch.com,Bread,3,59,16/06/2024,Card,Pending
571,Catherin McCaughey,419-167-1453,cmccaugheyfu@cmu.edu,Cheesecake,6,370,2/4/2025,Cash,Pending
572,Krissie Popplestone,668-903-6735,kpopplestonefv@google.es,Bread,11,74,2/7/2024,Cash,Cancelled
573,Susanne Hurkett,275-913-9869,shurkettfw@odnoklassniki.ru,Cheesecake,3,351,29/07/2024,Card,Cancelled
574,Reed Fer,222-579-1424,rferfx@fotki.com,Tart,7,254,5/2/2025,Online,Delivered
575,Vallie Losbie,865-205-2570,vlosbiefy@tiny.cc,Croissant,5,142,17/08/2024,Online,Delivered
576,Willi Mully,298-471-6849,wmullyfz@prlog.org,Pastry,7,279,6/3/2025,Online,Delivered
577,Constantine Jermey,710-680-8925,cjermeyg0@technorati.com,Donut,2,144,12/2/2025,Cash,Cancelled
578,Decca Gurnell,457-157-0336,dgurnellg1@ox.ac.uk,Cake,2,370,22/07/2024,Online,Cancelled
579,Karisa McEvon,659-745-0690,kmcevong2@smugmug.com,Pastry,15,271,5/8/2024,Card,Delivered
580,Arney Barwick,313-877-1904,abarwickg3@icq.com,Tart,9,180,7/7/2024,Card,Cancelled
581,Alis McGhie,289-280-5457,amcghieg4@businessinsider.com,Tart,5,224,30/05/2024,Card,Delivered
582,Berty Pengelley,272-725-1358,,Cheesecake,14,381,1/5/2024,Online,Pending
583,Marya Stockell,408-329-7667,mstockellg6@g.co,Cheesecake,1,279,11/3/2025,Card,Cancelled
584,Collen Druery,705-709-9763,cdrueryg7@usa.gov,Donut,3,137,8/5/2024,Online,Delivered
585,Judi Valeri,659-921-4263,jvalerig8@nbcnews.com,Brownie,14,200,20/02/2025,Online,Pending
586,Clemence Jebb,410-389-7142,cjebbg9@sphinn.com,Donut,13,149,29/12/2024,Online,Pending
587,Lucie Corwood,100-809-4331,lcorwoodga@g.co,Brownie,3,248,18/05/2024,Online,Delivered
588,Darell Danson,934-560-6963,ddansongb@mapquest.com,Brownie,8,217,18/02/2025,Online,Cancelled
589,Byram Veronique,786-586-1285,bveroniquegc@marriott.com,Cake,1,316,23/11/2024,Card,Delivered
590,Port Robertacci,691-905-6033,probertaccigd@indiatimes.com,Donut,12,139,19/07/2024,Cash,Cancelled
591,Cary Albert,675-136-3631,calbertge@twitpic.com,Cheesecake,1,323,25/02/2025,Online,Delivered
592,Krissy Rottenbury,804-556-2706,krottenburygf@amazon.com,Bread,12,74,24/11/2024,Online,Delivered
593,Kory Daudray,881-536-0404,kdaudraygg@washingtonpost.com,Tart,3,282,27/08/2024,Online,Delivered
594,Burty Peirazzi,707-641-5192,bpeirazzigh@biblegateway.com,Muffin,1,,24/08/2024,Card,Pending
595,Bartlet McBoyle,930-916-9032,bmcboylegi@webs.com,Cake,8,307,28/03/2025,Online,Delivered
596,Alfi Brimman,682-574-4310,,Bread,11,99,6/9/2024,Card,Pending
597,Levy Vanyard,103-514-4736,lvanyardgk@earthlink.net,Pastry,6,206,17/11/2024,Cash,Pending
598,Devlin Hurich,484-179-7399,dhurichgl@goo.gl,Tart,1,183,17/12/2024,Cash,
599,Harlie McAndie,363-862-7439,hmcandiegm@histats.com,Donut,11,93,24/09/2024,Cash,Cancelled
600,Luce Mundford,196-877-4363,lmundfordgn@themeforest.net,Brownie,11,178,11/8/2024,Cash,
601,Ethel Bagnall,438-561-5758,ebagnallgo@intel.com,Tart,6,205,9/5/2024,Online,Cancelled
602,Merci Glennie,896-223-1955,mglenniegp@hostgator.com,Cake,7,326,15/02/2025,Cash,Delivered
603,Pate Dyke,795-915-3696,,Tart,8,229,4/1/2025,Cash,Delivered
604,Benoit Yesichev,378-376-8939,byesichevgr@jimdo.com,Tart,2,236,16/11/2024,Online,Cancelled
605,Hernando Wildor,805-968-5637,hwildorgs@eepurl.com,Brownie,9,175,17/08/2024,Cash,Delivered
606,Bette-ann Drable,662-675-0448,bdrablegt@360.cn,Brownie,2,196,29/12/2024,Card,Cancelled
607,Desiree Kingstne,904-940-1014,dkingstnegu@paginegialle.it,Donut,8,136,18/09/2024,Card,Pending
608,Beatrice Bisco,657-279-1113,bbiscogv@surveymonkey.com,Tart,3,254,14/01/2025,Online,Cancelled
609,Sibbie Coners,655-976-9341,sconersgw@accuweather.com,Muffin,7,140,24/10/2024,Cash,Pending
610,Alicia Plaister,795-768-0644,aplaistergx@yellowpages.com,Cake,10,337,7/2/2025,Cash,Delivered
611,Bobby Ames,826-567-7585,bamesgy@unesco.org,Croissant,5,164,9/7/2024,Card,Cancelled
612,Sigvard Mish,925-140-3002,smishgz@skype.com,Croissant,7,145,8/11/2024,Online,Pending
613,Nikita Farnan,142-678-9577,nfarnanh0@behance.net,Cheesecake,1,330,27/06/2024,Online,Pending
614,Dwight Spowart,836-260-2372,dspowarth1@comsenz.com,Cheesecake,10,314,20/02/2025,Card,Delivered
615,Maurizia Noblett,316-891-8819,mnobletth2@weibo.com,Bread,2,81,17/09/2024,Online,Cancelled
616,Flem Follacaro,833-277-0949,ffollacaroh3@domainmarket.com,Tart,9,186,14/10/2024,Card,Cancelled
617,Leena Legat,237-154-5077,llegath4@geocities.jp,Cake,14,339,25/09/2024,Online,Delivered
618,Freddy Bodicum,473-474-1124,fbodicumh5@sciencedaily.com,Pastry,1,326,28/06/2024,Online,
619,Clayborn Dossett,138-433-3003,cdossetth6@networksolutions.com,Pastry,10,211,16/12/2024,Online,Delivered
620,Cheri Newlin,385-773-8592,cnewlinh7@sitemeter.com,Pastry,11,288,25/10/2024,Online,
621,Aila Garbutt,218-907-4199,agarbutth8@lycos.com,Bread,3,76,21/05/2024,Cash,Cancelled
622,Farica Greensall,985-260-0927,,Muffin,15,138,24/07/2024,Cash,Pending
623,Shelby Gaine,304-441-8436,sgaineha@jimdo.com,Donut,11,89,31/03/2025,Card,Cancelled
624,Meyer Carnall,671-234-2955,mcarnallhb@networkadvertising.org,Cheesecake,7,357,13/03/2025,Online,Pending
625,Maisey Byway,357-868-8914,mbywayhc@msn.com,Cheesecake,3,396,2/2/2025,Card,Cancelled
626,Brantley Epsley,250-459-4745,bepsleyhd@hp.com,Muffin,13,169,19/06/2024,Card,Delivered
627,Magdalena Stood,241-798-8428,mstoodhe@cbc.ca,Pastry,10,314,17/03/2025,Cash,Cancelled
628,Linda Guyan,854-691-0810,lguyanhf@list-manage.com,Cake,15,413,14/08/2024,Card,Cancelled
629,Elias Giscken,925-325-4181,egisckenhg@prlog.org,Brownie,3,224,27/07/2024,Online,Pending
630,Raymund Coverley,581-472-4963,rcoverleyhh@seattletimes.com,Brownie,9,190,18/04/2024,Online,Delivered
631,Carmelita Antuoni,821-899-6827,cantuonihi@vimeo.com,Donut,9,86,13/11/2024,Card,Cancelled
632,Eamon MacIlraith,868-310-2435,emacilraithhj@typepad.com,Cake,15,445,31/12/2024,Card,Cancelled
633,Dael Kohler,797-704-7042,,Muffin,1,130,8/2/2025,Cash,Cancelled
634,Levey Cogle,665-896-2309,lcoglehl@amazon.de,Donut,11,75,20/11/2024,Online,Delivered
635,Malorie Aberdein,400-855-3781,maberdeinhm@wikispaces.com,Croissant,9,160,21/02/2025,Card,Delivered
636,Christopher Hedau,772-686-9634,chedauhn@printfriendly.com,Cheesecake,14,327,30/09/2024,Cash,Pending
637,Felizio MacColgan,539-633-6967,fmaccolganho@nbcnews.com,Brownie,4,151,31/03/2025,Card,Cancelled
638,Bendite Rowswell,265-645-2445,browswellhp@pen.io,Muffin,11,165,28/09/2024,Online,Delivered
639,Faina Mensler,550-878-2687,fmenslerhq@aboutads.info,Muffin,4,145,18/11/2024,Cash,Pending
640,Starlene Coaster,863-545-5362,,Cheesecake,9,357,9/3/2025,Online,Pending
641,Parke Gracewood,921-996-1389,pgracewoodhs@mlb.com,Muffin,12,172,4/7/2024,Online,Pending
642,Nigel Deighan,604-110-1813,,Cheesecake,11,389,4/7/2024,Cash,Delivered
643,Mirelle Chatto,365-749-9299,mchattohu@dropbox.com,Pastry,7,276,11/11/2024,Online,Pending
644,Gilberta Beaty,652-590-1598,gbeatyhv@cmu.edu,Donut,12,85,30/08/2024,Online,Delivered
645,Leland Blofield,422-908-5995,,Cheesecake,8,391,20/05/2024,Cash,Pending
646,Kalvin Paice,224-135-5728,kpaicehx@geocities.com,Bread,6,72,14/05/2024,Card,Delivered
647,Carson Shrubsall,357-532-3012,cshrubsallhy@webnode.com,Tart,9,292,23/02/2025,Card,Pending
648,Justin Ierland,369-906-1466,jierlandhz@microsoft.com,Tart,10,,30/03/2025,Card,Delivered
649,Modesta Harkess,953-462-2915,mharkessi0@wiley.com,Cake,10,445,8/9/2024,Online,Pending
650,Bella Souter,412-491-5659,bsouteri1@theglobeandmail.com,Brownie,15,247,13/06/2024,Online,Delivered
651,Jessi Hale,243-264-8631,jhalei2@webnode.com,Donut,7,137,25/07/2024,Cash,Cancelled
652,Selle Hambelton,616-535-8838,shambeltoni3@angelfire.com,Cake,15,401,10/6/2024,Card,Delivered
653,Danella Rozzier,732-590-9193,drozzieri4@xing.com,Bread,9,71,4/4/2025,Cash,Pending
654,Elinor Roulston,545-354-9003,,Bread,9,95,30/06/2024,Online,Pending
655,Darice Hannum,646-882-5363,dhannumi6@foxnews.com,Brownie,11,218,22/08/2024,Online,Pending
656,Sheridan Cinavas,300-147-0632,scinavasi7@cafepress.com,Cake,4,345,26/04/2024,Card,Cancelled
657,Tate Ward,246-981-0095,twardi8@discuz.net,Cheesecake,15,360,27/02/2025,Card,Delivered
658,Leonard Dykins,433-653-1527,ldykinsi9@dedecms.com,Croissant,10,141,1/12/2024,Cash,Pending
659,Tani Kerley,496-856-0903,tkerleyia@discuz.net,Cake,6,315,1/8/2024,Card,Delivered
660,Cairistiona Coat,358-531-9742,ccoatib@who.int,Cake,12,430,18/04/2024,Cash,Pending
661,Leighton Aspden,731-767-5003,laspdenic@squidoo.com,Pastry,7,245,29/04/2024,Card,Delivered
662,Panchito Hutchin,968-602-0181,phutchinid@imgur.com,Tart,14,255,27/04/2024,Card,Pending
663,Pieter Waszczyk,387-651-3478,pwaszczykie@blogs.com,Muffin,14,111,19/06/2024,Online,Pending
664,Katie Symington,379-188-8805,ksymingtonif@angelfire.com,Tart,7,,14/08/2024,Card,Delivered
665,Gale Broadhead,173-820-5693,gbroadheadig@weibo.com,Cheesecake,13,313,3/9/2024,Online,Cancelled
666,Melesa Brinicombe,517-417-0265,mbrinicombeih@google.co.jp,Cake,15,422,2/1/2025,Online,Pending
667,Corrianne Burdell,801-294-3434,cburdellii@dmoz.org,Brownie,12,219,13/03/2025,Cash,Pending
668,Hana Lapwood,603-374-2406,hlapwoodij@purevolume.com,Cake,9,490,4/2/2025,Cash,Cancelled
669,Vincenty Gooday,448-782-0753,vgoodayik@feedburner.com,Brownie,11,186,10/11/2024,Card,Cancelled
670,Revkah Viger,634-690-4398,rvigeril@dedecms.com,Brownie,7,231,7/10/2024,Card,Pending
671,Yehudi Lilbourne,831-771-6258,ylilbourneim@bizjournals.com,Pastry,15,310,23/06/2024,Card,Pending
672,Kerri Cutmere,841-985-0627,kcutmerein@nyu.edu,Croissant,5,130,16/12/2024,Card,Pending
673,Chevy Kornilyev,640-559-7026,ckornilyevio@seesaa.net,Brownie,15,224,4/6/2024,Card,Delivered
674,Julianne Clewer,825-582-0198,jclewerip@umich.edu,Bread,14,,22/11/2024,Card,Delivered
675,Cassius Dyer,999-480-4847,cdyeriq@scribd.com,Cheesecake,12,331,9/5/2024,Cash,Pending
676,Nananne Ballefant,558-795-9489,nballefantir@tripod.com,Bread,10,94,4/8/2024,Card,Delivered
677,Anabella Dunlea,110-512-5525,adunleais@japanpost.jp,Donut,11,88,4/5/2024,Online,Pending
678,Beniamino Vecard,322-687-8657,bvecardit@blog.com,Tart,13,279,8/7/2024,Card,Pending
679,Piotr Skittrall,495-872-4333,pskittralliu@abc.net.au,Croissant,7,188,13/10/2024,Card,Pending
680,Burtie Betun,738-824-4336,bbetuniv@shop-pro.jp,Croissant,5,191,12/4/2025,Cash,Cancelled
681,Dill Cosins,443-546-8892,dcosinsiw@opera.com,Brownie,13,196,21/02/2025,Card,Delivered
682,Flor Lugsdin,976-163-9250,flugsdinix@wsj.com,Brownie,2,232,15/06/2024,Card,
683,Anitra Dyer,612-256-4639,adyeriy@ocn.ne.jp,Bread,1,68,8/2/2025,Cash,Cancelled
684,Bennie McBrearty,612-116-9206,bmcbreartyiz@imageshack.us,Tart,12,278,11/3/2025,Cash,Delivered
685,Cinda Likly,429-314-9842,cliklyj0@cpanel.net,Pastry,5,283,24/12/2024,Cash,Pending
686,Ethyl Swinfon,758-380-7353,eswinfonj1@mediafire.com,Muffin,9,169,23/05/2024,Card,Cancelled
687,Meggi Gludor,443-291-5472,mgludorj2@who.int,Pastry,8,202,18/12/2024,Card,Pending
688,Humfried Linnard,139-253-9858,hlinnardj3@marketwatch.com,Croissant,7,191,31/03/2025,Card,Pending
689,Laurianne Dedman,948-615-2178,ldedmanj4@diigo.com,Cheesecake,2,344,21/01/2025,Cash,Cancelled
690,Thomasina Taillant,269-365-8461,ttaillantj5@simplemachines.org,Pastry,5,,15/12/2024,Online,Delivered
691,Drusi Tapin,154-899-4711,dtapinj6@telegraph.co.uk,Brownie,6,154,16/02/2025,Cash,Pending
692,Juliana Stainton - Skinn,795-109-6578,jstaintonj7@mysql.com,Donut,9,91,16/06/2024,Cash,Pending
693,Ninnetta Pryke,601-804-6828,nprykej8@symantec.com,Croissant,7,179,20/09/2024,Cash,Pending
694,Garold Faircley,106-826-6334,gfaircleyj9@ustream.tv,Bread,14,89,3/12/2024,Cash,Cancelled
695,Janeczka Volker,862-461-1327,jvolkerja@last.fm,Bread,9,80,28/03/2025,Online,Cancelled
696,Sarene Stambridge,577-155-4796,sstambridgejb@behance.net,Cheesecake,14,397,25/01/2025,Online,Pending
697,Hestia Gamblin,297-631-2329,hgamblinjc@imageshack.us,Tart,15,218,11/9/2024,Cash,Pending
698,Kareem Bartosinski,101-363-8998,kbartosinskijd@tinyurl.com,Pastry,4,331,1/11/2024,Online,Cancelled
699,Dale Armiger,578-103-0375,darmigerje@ebay.co.uk,Muffin,10,135,22/08/2024,Online,Delivered
700,Lishe Schachter,276-958-4239,lschachterjf@stanford.edu,Pastry,5,224,24/05/2024,Cash,Cancelled
701,Ryan MacAdie,210-536-8000,rmacadiejg@liveinternet.ru,Muffin,5,120,23/10/2024,Online,Cancelled
702,Vanda Hinckley,720-177-1567,vhinckleyjh@google.ca,Donut,11,104,19/01/2025,Cash,Cancelled
703,Turner Tumioto,170-208-1305,ttumiotoji@aboutads.info,Donut,3,114,1/10/2024,Cash,Cancelled
704,Alex Tanswell,700-157-1803,atanswelljj@etsy.com,Cake,1,399,16/08/2024,Cash,Delivered
705,De witt Leate,289-400-8271,dwittjk@wordpress.com,Croissant,1,188,30/07/2024,Online,
706,Wendell Demchen,203-813-7584,wdemchenjl@irs.gov,Pastry,11,350,31/12/2024,Online,Pending
707,Isabeau Tappin,260-489-9127,,Bread,11,96,5/11/2024,Cash,Pending
708,Jorry Motte,818-989-6017,jmottejn@slate.com,Tart,7,288,20/09/2024,Online,Pending
709,Zia Guile,991-377-7640,zguilejo@unesco.org,Bread,14,78,11/10/2024,Card,Delivered
710,Hobart Brumwell,356-990-2637,hbrumwelljp@merriam-webster.com,Cake,8,419,26/12/2024,Cash,Pending
711,Pierson Haddy,635-406-2805,phaddyjq@ucla.edu,Donut,4,81,1/2/2025,Card,Cancelled
712,Earlie Ernke,661-665-9095,eernkejr@sina.com.cn,Tart,10,190,24/02/2025,Online,Cancelled
713,Cyril Spira,770-285-1631,cspirajs@naver.com,Cake,7,409,9/12/2024,Online,Delivered
714,Ozzy Creelman,233-980-1080,ocreelmanjt@vk.com,Brownie,13,240,21/11/2024,Cash,Delivered
715,Caspar Henke,302-410-2974,chenkeju@dailymotion.com,Pastry,2,283,11/11/2024,Card,Delivered
716,Gardner Barajaz,873-284-9482,gbarajazjv@tuttocitta.it,Donut,13,106,29/05/2024,Card,Pending
717,Viki Headrick,849-976-8274,vheadrickjw@twitpic.com,Cake,13,379,7/10/2024,Card,Delivered
718,Gordan Carlow,818-628-2600,gcarlowjx@sfgate.com,Donut,3,136,7/5/2024,Card,Pending
719,Lind Hazelby,394-995-4493,,Tart,4,214,9/4/2025,Online,Delivered
720,Sharline Castillou,806-265-7915,scastilloujz@illinois.edu,Tart,3,209,26/11/2024,Card,Cancelled
721,Zaria Leftbridge,621-660-8312,zleftbridgek0@vistaprint.com,Cake,14,442,6/9/2024,Cash,Pending
722,Velma Povall,814-692-2070,vpovallk1@digg.com,Brownie,12,168,11/1/2025,Online,Delivered
723,Nanny Crippin,192-397-4636,ncrippink2@icio.us,Cheesecake,10,278,4/6/2024,Cash,
724,Micaela Oboy,754-554-2211,moboyk3@canalblog.com,Croissant,9,158,23/02/2025,Card,Delivered
725,Henri Clausen,863-613-5381,hclausenk4@ebay.co.uk,Croissant,15,152,7/1/2025,Online,Pending
726,Orren Beadles,851-534-9261,obeadlesk5@weebly.com,Croissant,13,124,15/01/2025,Cash,Delivered
727,Rafferty Quarterman,933-557-9438,rquartermank6@upenn.edu,Cake,14,382,29/06/2024,Online,Pending
728,Corabelle Eggleson,503-143-1261,cegglesonk7@123-reg.co.uk,Croissant,3,190,3/4/2025,Online,Cancelled
729,Kristel Pirdy,833-498-8111,kpirdyk8@infoseek.co.jp,Tart,6,216,13/07/2024,Card,Pending
730,Dannye Rowland,609-464-5728,drowlandk9@w3.org,Pastry,2,319,28/05/2024,Online,Cancelled
731,Annora Hannen,198-944-3085,,Cake,5,327,27/01/2025,Online,Cancelled
732,Maurice Yegorchenkov,706-336-8573,myegorchenkovkb@smugmug.com,Brownie,6,224,22/06/2024,Cash,Cancelled
733,Frazier Uridge,493-352-7248,furidgekc@yellowbook.com,Pastry,15,344,19/07/2024,Card,Pending
734,Jozef Dand,171-883-4400,jdandkd@amazonaws.com,Pastry,9,,2/10/2024,Online,Delivered
735,Bondon Rowlatt,422-150-6599,browlattke@deliciousdays.com,Donut,15,108,26/01/2025,Cash,Cancelled
736,Peirce Weich,970-622-5370,pweichkf@baidu.com,Croissant,1,125,21/08/2024,Cash,Pending
737,Kiley Abendroth,472-193-2274,kabendrothkg@ning.com,Tart,14,231,22/07/2024,Cash,Cancelled
738,Kimball Eccott,848-251-4821,keccottkh@google.co.uk,Pastry,3,210,13/04/2024,Cash,Pending
739,Carla Wint,789-804-4616,cwintki@imdb.com,Muffin,15,138,23/07/2024,Online,Delivered
740,Alisun Selland,467-220-3987,asellandkj@alibaba.com,Pastry,12,260,17/03/2025,Online,Cancelled
741,Robb Merriman,678-642-4245,rmerrimankk@unblog.fr,Brownie,8,153,4/9/2024,Cash,Pending
742,Nissie Yaldren,171-896-6069,nyaldrenkl@shop-pro.jp,Muffin,5,133,22/09/2024,Online,Delivered
743,Gwennie Lefwich,612-514-6816,glefwichkm@amazon.co.uk,Brownie,6,182,24/01/2025,Cash,Cancelled
744,Bentlee Ivantyev,954-382-5930,bivantyevkn@godaddy.com,Croissant,9,197,18/12/2024,Online,Cancelled
745,Monica Goney,984-148-3518,mgoneyko@nps.gov,Brownie,4,237,2/12/2024,Online,Delivered
746,Eadith Seabrooke,610-966-0312,eseabrookekp@opensource.org,Pastry,14,239,30/08/2024,Card,Cancelled
747,Bethena Swedeland,560-810-0760,bswedelandkq@reddit.com,Cheesecake,12,347,5/7/2024,Card,Cancelled
748,Eva Ough,920-381-7413,eoughkr@nih.gov,Pastry,13,213,7/1/2025,Cash,Cancelled
749,Emlyn Coronas,928-891-9243,ecoronasks@tiny.cc,Bread,5,86,5/10/2024,Online,Delivered
750,Ina Thomen,265-591-9791,ithomenkt@nsw.gov.au,Donut,15,113,7/2/2025,Cash,Pending
751,Dennet Wagg,986-239-2103,dwaggku@hatena.ne.jp,Brownie,2,187,10/3/2025,Card,Pending
752,Tammara Mulhall,863-497-3154,tmulhallkv@go.com,Cheesecake,3,,3/6/2024,Card,Delivered
753,Maxim Canto,284-353-2961,mcantokw@seattletimes.com,Brownie,10,159,8/10/2024,Online,Cancelled
754,Evey Enoch,545-851-5831,eenochkx@mac.com,Muffin,13,110,8/7/2024,Online,Cancelled
755,Christen Warboy,162-703-2815,,Brownie,8,230,23/06/2024,Card,Pending
756,Bev Tidswell,858-994-1781,btidswellkz@ebay.co.uk,Tart,6,264,3/1/2025,Online,Delivered
757,Wallis Catlow,879-444-8740,wcatlowl0@skyrock.com,Cheesecake,7,294,6/11/2024,Cash,Cancelled
758,Winnie Whelpdale,594-504-4411,wwhelpdalel1@bbc.co.uk,Cheesecake,8,260,10/4/2025,Online,Cancelled
759,Dona Gerson,777-976-4738,dgersonl2@tripod.com,Pastry,14,347,21/12/2024,Card,Pending
760,Karlik Vonderdell,998-278-5554,kvonderdelll3@4shared.com,Muffin,4,159,9/5/2024,Cash,Pending
761,Maryl Semon,259-677-6936,msemonl4@printfriendly.com,Donut,9,136,8/3/2025,Online,Pending
762,Isaac Bruhke,324-272-8333,ibruhkel5@reuters.com,Tart,10,281,23/02/2025,Card,Delivered
763,Bat Nussey,206-857-4126,,Tart,1,278,10/8/2024,Card,Cancelled
764,Lavena Deighan,706-775-2415,ldeighanl7@patch.com,Cake,3,350,19/08/2024,Card,Pending
765,Ambrosius Averill,441-636-2733,aaverilll8@yellowbook.com,Muffin,1,163,19/10/2024,Cash,Cancelled
766,Tybalt Boolsen,401-830-6075,tboolsenl9@51.la,Bread,15,99,30/12/2024,Cash,Delivered
767,Bernadina Gaukrodge,296-928-6683,bgaukrodgela@rakuten.co.jp,Bread,10,98,20/06/2024,Online,Pending
768,Frederik Eberle,626-388-8746,feberlelb@europa.eu,Croissant,2,168,16/01/2025,Cash,Delivered
769,Anabella Kernan,275-568-7646,akernanlc@ehow.com,Cheesecake,7,368,1/10/2024,Online,Pending
770,Tansy Duerdin,613-858-6525,tduerdinld@wikia.com,Muffin,15,162,22/12/2024,Cash,Cancelled
771,Murial Coling,943-887-3342,mcolingle@cbslocal.com,Cake,4,337,5/8/2024,Card,Delivered
772,Karlis Howgego,907-240-0530,khowgegolf@shareasale.com,Pastry,9,233,12/11/2024,Card,Pending
773,Fifine Mulberry,182-665-7878,fmulberrylg@oaic.gov.au,Brownie,6,179,16/12/2024,Cash,Pending
774,Misty Bassano,748-570-4355,mbassanolh@ameblo.jp,Cheesecake,8,372,13/11/2024,Cash,Delivered
775,Ginny Britch,324-632-4155,gbritchli@dailymail.co.uk,Cheesecake,5,332,4/2/2025,Online,Delivered
776,Maddalena Worsnop,693-395-7942,mworsnoplj@skype.com,Cheesecake,14,316,17/03/2025,Online,Cancelled
777,Ursuline Tumioto,370-314-8596,utumiotolk@t-online.de,Bread,1,75,16/10/2024,Card,Cancelled
778,Brittan Baptie,424-724-8361,bbaptiell@sbwire.com,Cheesecake,10,354,29/07/2024,Card,Cancelled
779,Rochester Stancliffe,983-487-4409,rstancliffelm@businesswire.com,Cheesecake,5,277,9/6/2024,Online,Pending
780,Gray Dwelling,143-997-9825,gdwellingln@unesco.org,Bread,11,77,19/04/2024,Card,Delivered
781,Binni Hek,158-705-7820,,Cake,15,399,27/10/2024,Online,Delivered
782,Elva Theis,471-989-0969,etheislp@stanford.edu,Cheesecake,12,272,2/2/2025,Card,Delivered
783,Trenna Trousdale,887-199-6514,ttrousdalelq@digg.com,Donut,5,99,20/10/2024,Cash,Cancelled
784,Hendrik Rowland,689-139-0679,hrowlandlr@salon.com,Tart,7,253,8/9/2024,Card,Delivered
785,Sigrid Halloran,282-456-9607,shalloranls@artisteer.com,Pastry,12,301,7/10/2024,Card,Cancelled
786,Cory Hallum,454-787-5479,challumlt@pagesperso-orange.fr,Muffin,11,118,23/04/2024,Card,Delivered
787,Ulberto Orrow,697-876-3566,uorrowlu@yandex.ru,Tart,12,298,21/12/2024,Card,Pending
788,Cchaddie Mallall,730-964-3171,cmallalllv@ted.com,Cake,14,486,18/05/2024,Online,Delivered
789,Daryn Dybbe,912-899-1620,ddybbelw@indiegogo.com,Tart,1,284,8/1/2025,Online,Cancelled
790,Jerrome Domke,621-697-1924,jdomkelx@cbslocal.com,Muffin,13,102,27/09/2024,Card,Cancelled
791,Cull Dot,931-587-8258,cdotly@wordpress.com,Cheesecake,1,383,29/10/2024,Cash,Pending
792,Xerxes Bushe,665-265-5594,xbushelz@baidu.com,Tart,13,185,23/10/2024,Cash,Cancelled
793,Micheal Marple,844-126-8885,mmarplem0@fc2.com,Brownie,14,174,6/6/2024,Cash,Delivered
794,Tanney Salvin,994-614-5629,tsalvinm1@opera.com,Croissant,1,166,29/08/2024,Online,Delivered
795,Albie Giacomucci,208-273-9479,agiacomuccim2@google.pl,Croissant,3,192,2/9/2024,Card,Pending
796,Cami Drinnan,604-834-6775,cdrinnanm3@yelp.com,Muffin,8,112,9/3/2025,Cash,Cancelled
797,Inge Phelips,347-524-7068,iphelipsm4@surveymonkey.com,Brownie,9,248,28/12/2024,Cash,Cancelled
798,Tyrus Corner,642-594-8245,,Cheesecake,9,318,15/04/2024,Cash,Delivered
799,Meara Jedrasik,422-138-2634,mjedrasikm6@ask.com,Cake,12,322,17/02/2025,Online,Pending
800,Hewitt Dumingos,464-188-0806,hdumingosm7@usgs.gov,Pastry,14,236,10/4/2025,Online,Cancelled
801,Richie Antrum,608-985-5543,rantrumm8@sina.com.cn,Donut,9,95,23/07/2024,Card,Cancelled
802,Alfi Fould,342-285-6082,afouldm9@istockphoto.com,Cake,3,,24/08/2024,Cash,Pending
803,Hedwiga Reedy,956-523-9060,hreedyma@ucoz.com,Tart,2,297,21/02/2025,Card,Cancelled
804,Marji Sember,157-814-2778,msembermb@weather.com,Cheesecake,9,284,11/9/2024,Card,Pending
805,Creigh de Savery,976-827-2533,cdemc@liveinternet.ru,Brownie,4,194,15/10/2024,Online,Pending
806,Candi Kaminski,632-639-1356,ckaminskimd@who.int,Croissant,10,160,10/10/2024,Card,Cancelled
807,Kyla Stookes,665-494-4435,kstookesme@abc.net.au,Cheesecake,7,263,1/3/2025,Online,Pending
808,Tuesday Duffie,215-333-3098,tduffiemf@zimbio.com,Donut,11,123,6/3/2025,Card,Delivered
809,Valentino Crame,607-546-5235,vcramemg@pen.io,Brownie,4,224,20/10/2024,Card,Pending
810,Gabbi Hexam,290-523-8212,ghexammh@sfgate.com,Croissant,10,148,3/10/2024,Card,Cancelled
811,Hobart Raiker,272-916-1480,hraikermi@economist.com,Pastry,7,213,10/4/2025,Card,Pending
812,Virginia Brute,691-573-4166,vbrutemj@squidoo.com,Pastry,15,291,29/09/2024,Cash,
813,Kurt Rydzynski,835-664-6969,krydzynskimk@nymag.com,Brownie,7,153,8/7/2024,Online,Delivered
814,Dominique Cotillard,373-118-6704,,Bread,12,60,21/02/2025,Online,Pending
815,Kassie O' Hern,877-742-5741,komm@va.gov,Cheesecake,10,304,16/10/2024,Online,Delivered
816,Emera Edes,751-355-3031,eedesmn@ning.com,Cheesecake,15,357,19/07/2024,Cash,Delivered
817,Luciano Antunez,426-985-7570,lantunezmo@sina.com.cn,Cake,13,366,7/3/2025,Card,Pending
818,Quillan Thoumas,189-679-4878,qthoumasmp@networkadvertising.org,Bread,5,51,18/05/2024,Card,Cancelled
819,Mallissa Vasyanin,531-572-4917,mvasyaninmq@wp.com,Croissant,6,144,10/11/2024,Cash,Cancelled
820,Frayda Treadgall,177-435-2005,ftreadgallmr@usa.gov,Tart,9,220,26/09/2024,Online,Delivered
821,Chad O'Driscole,716-813-0160,codriscolems@smh.com.au,Brownie,12,214,2/10/2024,Card,Pending
822,Brendis Sartin,214-614-9594,bsartinmt@dailymotion.com,Muffin,2,180,6/1/2025,Online,Pending
823,Gabriela McGauhy,866-601-2842,gmcgauhymu@istockphoto.com,Pastry,14,282,12/9/2024,Online,Pending
824,Annemarie Mc Harg,935-919-8462,amcmv@yahoo.com,Muffin,4,106,8/9/2024,Online,Cancelled
825,Sebastiano Harry,750-808-1198,sharrymw@nsw.gov.au,Cake,10,435,2/11/2024,Online,Pending
826,Carlita Neave,687-675-8769,cneavemx@geocities.jp,Croissant,6,184,9/3/2025,Card,Delivered
827,Danie Tethcote,663-105-3597,dtethcotemy@bloglovin.com,Cheesecake,1,344,29/11/2024,Card,Delivered
828,Idaline Housby,135-763-5415,ihousbymz@friendfeed.com,Pastry,9,237,15/01/2025,Card,Delivered
829,Max Hinrich,895-165-4170,mhinrichn0@lulu.com,Cheesecake,14,395,21/10/2024,Cash,Delivered
830,Tove Nanuccioi,608-680-2118,tnanuccioin1@sphinn.com,Tart,3,280,5/8/2024,Online,Delivered
831,Honor Cuncarr,477-838-5808,hcuncarrn2@taobao.com,Muffin,11,157,26/01/2025,Card,Cancelled
832,Bronson Tompion,880-262-2947,btompionn3@desdev.cn,Croissant,2,,7/3/2025,Card,Delivered
833,Hymie Fay,912-190-7451,,Croissant,15,121,24/01/2025,Card,Pending
834,Lefty Zmitruk,464-432-5860,lzmitrukn5@nasa.gov,Donut,7,98,5/9/2024,Cash,Pending
835,Darn Connichie,173-231-1001,dconnichien6@typepad.com,Brownie,3,222,30/07/2024,Online,Cancelled
836,Hugues Tremeer,936-310-4723,htremeern7@myspace.com,Muffin,13,141,28/02/2025,Card,Cancelled
837,Jamill Petrasek,802-421-4358,jpetrasekn8@berkeley.edu,Cheesecake,3,332,20/11/2024,Online,Pending
838,Nissa MacHarg,516-740-6954,nmachargn9@dion.ne.jp,Bread,6,69,1/3/2025,Cash,Pending
839,Teodor Domsalla,247-326-0770,tdomsallana@sina.com.cn,Pastry,14,246,29/05/2024,Online,Delivered
840,Thornton Bax,222-812-9549,tbaxnb@forbes.com,Bread,6,59,20/01/2025,Cash,Pending
841,Sandor Lepick,128-211-7188,slepicknc@instagram.com,Tart,4,219,9/6/2024,Cash,Pending
842,Jeane Earl,725-254-9274,,Brownie,5,182,15/12/2024,Online,Pending
843,Quinn Goldster,995-865-2004,qgoldsterne@miibeian.gov.cn,Cheesecake,1,366,16/07/2024,Cash,Cancelled
844,Burgess Kinchley,632-195-7045,bkinchleynf@arstechnica.com,Muffin,9,121,1/2/2025,Cash,Pending
845,Rania Tayloe,537-139-3700,rtayloeng@weibo.com,Donut,1,137,15/02/2025,Cash,Delivered
846,Prescott McClenan,169-707-0415,pmcclenannh@dyndns.org,Brownie,11,220,24/07/2024,Cash,Pending
847,Sherlock Moral,844-778-7519,smoralni@webnode.com,Brownie,2,228,2/5/2024,Card,Pending
848,Jenny Kirke,532-723-7292,jkirkenj@cbsnews.com,Donut,4,86,18/05/2024,Online,Cancelled
849,Trescha Ferran,906-569-3664,tferrannk@rambler.ru,Tart,6,240,8/1/2025,Online,Delivered
850,Carlita Agdahl,947-438-3176,cagdahlnl@artisteer.com,Bread,15,82,15/01/2025,Card,Cancelled
851,Yard Hould,168-567-0305,yhouldnm@independent.co.uk,Cake,9,438,27/02/2025,Online,Cancelled
852,Claude Coward,333-344-3319,ccowardnn@redcross.org,Pastry,7,273,26/11/2024,Card,Delivered
853,Bethanne Gilleon,932-747-3697,bgilleonno@bizjournals.com,Tart,15,188,26/06/2024,Card,Delivered
854,Jan Kynvin,325-876-0935,jkynvinnp@irs.gov,Croissant,10,198,18/06/2024,Card,Delivered
855,Wainwright Mulkerrins,754-346-4355,wmulkerrinsnq@edublogs.org,Pastry,2,286,13/11/2024,Cash,Pending
856,Daile Loch,523-835-3805,dlochnr@yale.edu,Cheesecake,1,389,21/02/2025,Cash,Delivered
857,Chauncey Attrey,980-283-3700,cattreyns@nymag.com,Brownie,5,170,18/04/2024,Cash,
858,Lotty Hurll,461-815-6064,lhurllnt@wp.com,Donut,2,98,10/9/2024,Online,Cancelled
859,Arlinda Ridewood,391-218-9698,aridewoodnu@sphinn.com,Cake,3,367,21/04/2024,Card,Delivered
860,Cati Fairbairn,237-730-5062,cfairbairnnv@ebay.co.uk,Muffin,4,,27/01/2025,Cash,Cancelled
861,Celina Tortoise,472-417-2998,ctortoisenw@sphinn.com,Brownie,14,165,20/02/2025,Cash,Cancelled
862,Spenser Hollingshead,937-823-2878,shollingsheadnx@usnews.com,Cake,13,487,18/10/2024,Card,Delivered
863,Kiel Spender,453-890-5216,kspenderny@umn.edu,Croissant,6,182,30/08/2024,Online,Cancelled
864,Jaclyn Babcock,734-399-2681,jbabcocknz@msn.com,Pastry,15,255,6/9/2024,Cash,Cancelled
865,Glenden Liepina,839-431-7085,gliepinao0@imgur.com,Croissant,2,140,29/08/2024,Card,Pending
866,Marrissa Conneau,372-383-8907,mconneauo1@nhs.uk,Cake,10,367,19/10/2024,Card,Cancelled
867,Stormy Fechnie,157-823-9482,sfechnieo2@godaddy.com,Cake,5,348,18/09/2024,Online,Pending
868,Ulrica Shilston,943-278-0324,ushilstono3@a8.net,Bread,11,79,21/11/2024,Online,Delivered
869,Livvie Chree,499-474-2606,lchreeo4@hud.gov,Muffin,11,123,10/4/2025,Card,Delivered
870,Germayne Ozintsev,947-445-6547,gozintsevo5@statcounter.com,Pastry,8,327,27/04/2024,Card,Delivered
871,Dulci Tulk,487-688-3601,dtulko6@comcast.net,Cheesecake,7,251,13/08/2024,Cash,Delivered
872,Willey Moncreiffe,878-562-7632,wmoncreiffeo7@dot.gov,Croissant,3,141,27/11/2024,Online,Pending
873,Paulette Matyasik,980-719-9985,pmatyasiko8@narod.ru,Cake,4,341,26/06/2024,Online,Delivered
874,Susanne Jinda,836-228-0059,sjindao9@hugedomains.com,Cheesecake,12,250,7/1/2025,Online,Pending
875,Maddy Turnock,466-392-0580,mturnockoa@mapquest.com,Pastry,5,333,25/05/2024,Card,Cancelled
876,Allx Fone,367-670-8037,,Tart,11,261,21/08/2024,Online,Delivered
877,Linette Donisi,500-390-4517,ldonisioc@last.fm,Brownie,15,181,10/2/2025,Online,Delivered
878,Rodrigo Mathivon,617-740-5502,rmathivonod@marriott.com,Muffin,15,124,24/09/2024,Card,Cancelled
879,Georgeanne Shergold,633-846-1811,gshergoldoe@example.com,Pastry,6,348,7/3/2025,Cash,Cancelled
880,Borg Balshen,156-545-7735,bbalshenof@google.de,Tart,9,243,28/11/2024,Online,Delivered
881,Murry Janman,859-205-3107,mjanmanog@liveinternet.ru,Cheesecake,3,299,11/6/2024,Card,Delivered
882,Shell Clendening,288-590-1682,sclendeningoh@xrea.com,Croissant,8,,9/9/2024,Online,Pending
883,Lynnell Goly,775-440-3304,lgolyoi@livejournal.com,Bread,1,74,26/02/2025,Online,Delivered
884,Theadora Pillifant,210-770-2253,tpillifantoj@a8.net,Croissant,4,188,18/09/2024,Cash,Pending
885,Tamra Ceyssen,743-763-1332,tceyssenok@ed.gov,Brownie,12,225,30/11/2024,Card,Pending
886,Zsazsa Pitfield,696-209-8043,zpitfieldol@networkadvertising.org,Tart,4,233,14/04/2024,Card,Pending
887,Jonell Weth,422-571-9203,jwethom@diigo.com,Donut,6,134,10/8/2024,Cash,Delivered
888,Gilles Borgnol,588-165-1300,gborgnolon@paypal.com,Croissant,11,183,7/12/2024,Cash,Pending
889,Lindy Southwood,924-339-2450,lsouthwoodoo@trellian.com,Bread,1,50,31/05/2024,Online,Pending
890,Douglass Colthard,800-866-9978,dcolthardop@abc.net.au,Pastry,5,262,2/9/2024,Cash,Delivered
891,Lana Sambals,603-954-2999,lsambalsoq@ibm.com,Muffin,2,106,30/08/2024,Online,Delivered
892,Herve Escott,994-233-3636,hescottor@narod.ru,Tart,8,221,12/8/2024,Card,Pending
893,Marys Magrane,898-531-5428,mmagraneos@state.gov,Cake,10,367,8/6/2024,Online,Cancelled
894,Aida Railton,118-378-1380,arailtonot@illinois.edu,Cake,5,382,16/09/2024,Cash,Cancelled
895,Kort Bellenie,356-267-9240,kbellenieou@princeton.edu,Muffin,7,146,18/06/2024,Card,Cancelled
896,Lura Arundel,784-987-9359,larundelov@xing.com,Tart,14,181,4/11/2024,Online,Pending
897,Amelia Paumier,584-383-2547,apaumierow@flickr.com,Pastry,13,346,22/09/2024,Cash,Cancelled
898,Traver Cutbush,256-958-4867,tcutbushox@nhs.uk,Brownie,11,244,22/06/2024,Online,Pending
899,Rodd Baylay,435-435-8831,rbaylayoy@ca.gov,Cheesecake,11,265,24/08/2024,Cash,Pending
900,Tanitansy Husk,864-314-7377,thuskoz@meetup.com,Bread,2,65,22/01/2025,Cash,Cancelled
901,Cammy Hardbattle,211-254-9017,chardbattlep0@livejournal.com,Bread,11,96,17/01/2025,Card,Pending
902,Judie Wagerfield,903-590-1257,jwagerfieldp1@senate.gov,Donut,7,96,9/5/2024,Card,Delivered
903,Sawyer Aird,796-333-1081,sairdp2@mashable.com,Bread,9,62,30/01/2025,Online,Pending
904,Benjie Prall,647-136-2611,bprallp3@bbc.co.uk,Croissant,5,135,18/03/2025,Online,Delivered
905,Rodrique Errichi,259-688-5911,rerrichip4@moonfruit.com,Bread,1,77,21/12/2024,Online,
906,Lyndsey Atterbury,753-301-0990,,Tart,13,228,2/7/2024,Cash,Cancelled
907,Ronald Markie,182-732-1222,rmarkiep6@reverbnation.com,Pastry,15,333,25/10/2024,Card,Cancelled
908,Jaye Risborough,194-723-9725,jrisboroughp7@theatlantic.com,Brownie,1,240,10/1/2025,Online,
909,Nickolaus Skule,293-372-5501,nskulep8@soundcloud.com,Muffin,6,115,5/4/2025,Cash,Pending
910,Alford Fisby,570-632-8490,afisbyp9@google.com.br,Cheesecake,12,253,23/01/2025,Card,Pending
911,Allyson Kettoe,591-890-6930,akettoepa@blinklist.com,Cake,11,325,25/01/2025,Online,Delivered
912,Morey Yaxley,169-917-9154,myaxleypb@auda.org.au,Pastry,15,,11/3/2025,Card,Pending
913,Torrence Smissen,891-364-8625,tsmissenpc@acquirethisname.com,Tart,2,297,5/4/2025,Card,Pending
914,Tab Matashkin,391-374-6416,tmatashkinpd@facebook.com,Pastry,2,308,4/4/2025,Online,Cancelled
915,Cristionna Spyby,987-219-7313,cspybype@buzzfeed.com,Pastry,9,309,17/03/2025,Card,Delivered
916,Lezlie Kitchingman,418-111-4829,lkitchingmanpf@si.edu,Muffin,9,106,8/7/2024,Online,Delivered
917,Melli Ibbett,713-960-0780,mibbettpg@mashable.com,Brownie,10,176,8/8/2024,Card,Cancelled
918,Tynan Killoran,256-559-8752,tkilloranph@tmall.com,Muffin,1,131,16/08/2024,Online,Cancelled
919,Gabi Von Gladbach,452-395-7810,gvonpi@vk.com,Cake,8,478,11/2/2025,Card,Cancelled
920,Hattie Ceyssen,360-702-5611,hceyssenpj@fc2.com,Muffin,8,116,7/10/2024,Cash,Delivered
921,Faydra Burnage,918-856-3181,fburnagepk@hc360.com,Cake,11,345,19/05/2024,Cash,Delivered
922,Daniela Glashby,354-579-1207,dglashbypl@sourceforge.net,Cake,11,357,5/1/2025,Online,Delivered
923,Boyd Garrison,864-425-6864,bgarrisonpm@tiny.cc,Muffin,11,131,22/08/2024,Online,Cancelled
924,Charis Sydney,956-429-2292,csydneypn@mlb.com,Donut,6,119,13/02/2025,Cash,Delivered
925,Babb Orrell,252-943-8869,borrellpo@indiatimes.com,Croissant,11,196,5/6/2024,Cash,Delivered
926,Eal Conlon,968-474-3428,econlonpp@mysql.com,Donut,7,150,24/01/2025,Cash,Delivered
927,Veronika Ghidelli,924-509-0685,vghidellipq@cnn.com,Muffin,7,123,4/5/2024,Cash,Cancelled
928,Noelani Goude,306-429-3161,ngoudepr@nifty.com,Tart,2,201,13/10/2024,Cash,Delivered
929,Marna Simmons,924-864-0977,msimmonsps@t.co,Brownie,14,173,7/6/2024,Card,Delivered
930,Marcos Ollarenshaw,812-346-6764,mollarenshawpt@thetimes.co.uk,Cheesecake,4,381,31/12/2024,Card,Delivered
931,Frankie McCritchie,897-279-0056,fmccritchiepu@amazon.com,Bread,13,56,21/10/2024,Online,Cancelled
932,Filip Ilyunin,342-661-6601,filyuninpv@narod.ru,Croissant,12,140,8/8/2024,Cash,Cancelled
933,Frederico Mishow,341-553-1506,fmishowpw@parallels.com,Pastry,4,272,4/10/2024,Card,Delivered
934,Ange Tumility,239-651-8067,atumilitypx@slate.com,Muffin,11,152,31/10/2024,Card,Cancelled
935,Melantha Breslau,146-512-9973,mbreslaupy@blog.com,Donut,2,106,9/8/2024,Card,Cancelled
936,Gustavo Whatman,538-128-7625,gwhatmanpz@about.com,Brownie,11,208,27/04/2024,Online,Pending
937,Christie Stut,657-554-5753,cstutq0@ebay.co.uk,Tart,12,200,22/08/2024,Cash,Delivered
938,Agustin Sheldon,871-577-9282,asheldonq1@facebook.com,Cheesecake,4,324,2/7/2024,Cash,Pending
939,Florrie Domm,521-824-1472,fdommq2@nymag.com,Muffin,11,124,24/12/2024,Online,Cancelled
940,Wynnie Wardlaw,889-302-8434,wwardlawq3@chronoengine.com,Pastry,14,255,21/06/2024,Card,Delivered
941,Rube Kulas,509-590-7667,rkulasq4@huffingtonpost.com,Croissant,9,164,3/5/2024,Cash,Pending
942,Tamiko Moncarr,528-274-7782,tmoncarrq5@uol.com.br,Cheesecake,2,278,23/04/2024,Cash,Delivered
943,Marcy Auld,257-873-0616,mauldq6@unicef.org,Croissant,12,199,24/01/2025,Card,Delivered
944,Morgen Geaves,777-813-2308,mgeavesq7@cbsnews.com,Tart,11,192,14/09/2024,Card,Pending
945,Milicent Devas,635-771-7434,,Tart,10,294,1/11/2024,Card,Cancelled
946,Cordy Demicoli,650-557-0397,cdemicoliq9@vkontakte.ru,Cheesecake,8,280,29/12/2024,Online,Cancelled
947,Harp Gerler,477-563-1946,hgerlerqa@independent.co.uk,Cheesecake,11,393,17/05/2024,Online,Delivered
948,Nester Juschka,949-983-4326,njuschkaqb@loc.gov,Croissant,14,155,5/1/2025,Online,Delivered
949,Ichabod Eisig,246-485-6323,ieisigqc@youku.com,Muffin,9,178,15/03/2025,Cash,Pending
950,Mei Alekhov,194-993-4189,malekhovqd@feedburner.com,Croissant,15,156,25/04/2024,Cash,Pending
951,Caryn Twiddle,767-849-4436,ctwiddleqe@state.gov,Donut,7,,29/05/2024,Online,Pending
952,Gwennie MacCumiskey,623-526-6147,gmaccumiskeyqf@shareasale.com,Croissant,4,182,8/6/2024,Online,Cancelled
953,Audra Oswick,755-978-3359,aoswickqg@cyberchimps.com,Bread,11,58,10/3/2025,Cash,Cancelled
954,Wake Spillane,339-198-9430,wspillaneqh@moonfruit.com,Croissant,8,125,29/07/2024,Online,Pending
955,Addy Andresser,858-598-4584,aandresserqi@yellowpages.com,Muffin,5,152,11/6/2024,Card,Delivered
956,Terrance Domegan,313-703-8828,tdomeganqj@census.gov,Cake,7,328,15/11/2024,Card,Cancelled
957,Dyana Pennell,611-357-8733,dpennellqk@rakuten.co.jp,Cake,2,463,11/8/2024,Online,Delivered
958,Augy D'Abbot-Doyle,309-363-6541,adabbotdoyleql@joomla.org,Cake,11,382,7/12/2024,Card,Cancelled
959,Etheline Hanigan,820-238-4507,ehaniganqm@sphinn.com,Brownie,1,204,6/10/2024,Card,Delivered
960,Larina Tumber,645-536-3950,ltumberqn@dmoz.org,Cheesecake,7,311,26/02/2025,Cash,Pending
961,Melisse Sprowell,773-352-9847,msprowellqo@google.com.hk,Bread,4,99,29/12/2024,Cash,Delivered
962,Angus Stovine,631-907-2107,astovineqp@ted.com,Croissant,13,133,18/06/2024,Card,Pending
963,Brigg Roslen,546-465-7577,broslenqq@sina.com.cn,Tart,11,230,2/11/2024,Cash,Pending
964,Darby Seniour,496-302-9057,dseniourqr@goodreads.com,Donut,6,131,4/2/2025,Card,Delivered
965,Monique Kellen,857-694-1628,mkellenqs@hostgator.com,Tart,8,202,18/06/2024,Online,Pending
966,Kay Wyche,458-644-4803,kwycheqt@theguardian.com,Croissant,11,154,17/01/2025,Cash,Pending
967,Bastian Cargon,970-577-2960,bcargonqu@theglobeandmail.com,Pastry,5,234,2/10/2024,Cash,Cancelled
968,Andrus Gery,695-477-7362,ageryqv@oracle.com,Cheesecake,2,353,21/05/2024,Card,Pending
969,Brianna Acheson,298-416-3342,bachesonqw@washingtonpost.com,Cheesecake,4,335,12/12/2024,Card,Cancelled
970,Merrily Sutch,690-348-6723,msutchqx@addtoany.com,Bread,15,59,12/1/2025,Cash,Cancelled
971,Ranique Daymont,312-821-9741,rdaymontqy@ucsd.edu,Croissant,2,185,2/9/2024,Cash,Delivered
972,Sandra Kleinsmuntz,764-349-3574,skleinsmuntzqz@plala.or.jp,Cheesecake,5,291,2/11/2024,Online,Pending
973,Donny Stockbridge,186-979-5415,dstockbridger0@spiegel.de,Brownie,15,197,20/03/2025,Card,Cancelled
974,Brendin Kemmons,923-480-3182,bkemmonsr1@theglobeandmail.com,Muffin,7,136,23/02/2025,Cash,Pending
975,Allister Niven,384-359-7289,anivenr2@histats.com,Cake,7,304,4/1/2025,Online,Delivered
976,Sally Butler-Bowdon,747-269-9835,sbutlerbowdonr3@paginegialle.it,Croissant,6,150,18/12/2024,Cash,Cancelled
977,Jobi Virr,461-979-7539,jvirrr4@arstechnica.com,Tart,9,217,10/5/2024,Cash,Delivered
978,Price Crosston,821-591-9085,pcrosstonr5@salon.com,Bread,5,50,11/6/2024,Online,Cancelled
979,Fin Zannolli,372-806-2016,fzannollir6@newsvine.com,Croissant,13,136,31/10/2024,Cash,Pending
980,Lenard Cheatle,132-550-9929,lcheatler7@toplist.cz,Muffin,2,149,19/06/2024,Cash,Cancelled
981,Clovis Blissitt,373-541-6819,cblissittr8@newyorker.com,Brownie,12,,7/3/2025,Cash,Cancelled
982,Giffy Labb,739-405-6461,glabbr9@boston.com,Muffin,4,128,3/12/2024,Online,Pending
983,Petronia Daingerfield,370-562-6121,pdaingerfieldra@gnu.org,Donut,11,144,21/07/2024,Online,Pending
984,Teresita Starten,291-382-3847,tstartenrb@sphinn.com,Pastry,8,229,4/2/2025,Card,Delivered
985,Carlotta Stoakes,815-216-4785,cstoakesrc@pcworld.com,Pastry,8,227,15/01/2025,Online,Delivered
986,Hillie Cud,188-925-3708,,Pastry,7,211,24/11/2024,Cash,Delivered
987,Amalia Gwilliam,958-195-1926,agwilliamre@shareasale.com,Muffin,2,177,4/11/2024,Card,Pending
988,Callean Cartmail,613-567-8785,ccartmailrf@gizmodo.com,Bread,12,97,21/11/2024,Online,Delivered
989,Boone Tebald,399-676-7193,btebaldrg@indiatimes.com,Muffin,15,103,14/12/2024,Card,Delivered
990,Sherm Royse,222-359-8451,sroyserh@toplist.cz,Tart,1,199,23/11/2024,Online,Delivered
991,Tuckie Eliot,264-309-0489,teliotri@about.com,Cake,4,411,27/04/2024,Cash,Cancelled
992,Nobie Lafond,711-649-2574,nlafondrj@wired.com,Bread,4,57,15/06/2024,Cash,Cancelled
993,Putnem Sealey,111-527-2445,psealeyrk@java.com,Cheesecake,12,,23/05/2024,Cash,Cancelled
994,Stephine MacKnight,661-482-7197,smacknightrl@illinois.edu,Tart,1,238,29/04/2024,Online,Pending
995,Luther Elphey,295-841-9560,lelpheyrm@yahoo.co.jp,Pastry,10,207,25/02/2025,Card,Cancelled
996,Lyn Fuidge,464-441-1606,lfuidgern@marriott.com,Muffin,6,130,14/05/2024,Card,
997,Ethelind Tradewell,898-310-2189,etradewellro@guardian.co.uk,Croissant,11,200,10/8/2024,Online,Cancelled
998,Dulcie Canizares,727-846-1131,dcanizaresrp@mozilla.com,Cake,11,430,17/11/2024,Cash,Pending
999,Tamera Cabera,722-458-9906,tcaberarq@springer.com,Cheesecake,6,276,25/09/2024,Online,Cancelled
1000,Mort Chipchase,212-769-1188,mchipchaserr@time.com,Brownie,6,154,15/07/2024,Cash,Cancelled
